timestamp,model,epochs,hidden_size,lr,batch_size,class,precision,recall,f1,support
2025-09-05 18:26:12,NN_v2,10,64,0.001,32,0,0.9837232960325524,0.98673469387755,0.9852266938354642,980
2025-09-05 18:26:12,NN_v2,10,64,0.001,32,1,0.9876868953386095,0.9894273127753296,0.9885563380276681,1135
2025-09-05 18:26:12,NN_v2,10,64,0.001,32,2,0.9673390970220933,0.9757751937984488,0.9715388326092435,1032
2025-09-05 18:26:12,NN_v2,10,64,0.001,32,3,0.9613526570048301,0.9851485148514841,0.9731051344738267,1010
2025-09-05 18:26:12,NN_v2,10,64,0.001,32,4,0.9764344262295072,0.9704684317718931,0.9734422880485286,982
2025-09-05 18:26:12,NN_v2,10,64,0.001,32,5,0.9807909604519762,0.9730941704035864,0.9769274057395102,892
2025-09-05 18:26:12,NN_v2,10,64,0.001,32,6,0.9701338825952616,0.9832985386221283,0.9766718506993435,958
2025-09-05 18:26:12,NN_v2,10,64,0.001,32,7,0.967898832684824,0.967898832684824,0.967898832684324,1028
2025-09-05 18:26:12,NN_v2,10,64,0.001,32,8,0.9789915966386544,0.9568788501026684,0.9678089304252518,974
2025-09-05 18:26:12,NN_v2,10,64,0.001,32,9,0.9818548387096764,0.9653121902874123,0.9735132433778099,1009
2025-09-05 18:26:31,NN_v2,30,64,0.001,32,0,0.9886128364389224,0.9744897959183664,0.9815005138741136,980
2025-09-05 18:26:31,NN_v2,30,64,0.001,32,1,0.9868305531167683,0.990308370044052,0.988566402813923,1135
2025-09-05 18:26:31,NN_v2,30,64,0.001,32,2,0.9709864603481616,0.9728682170542627,0.9719264278794605,1032
2025-09-05 18:26:31,NN_v2,30,64,0.001,32,3,0.976999999999999,0.9673267326732663,0.9721393034820859,1010
2025-09-05 18:26:31,NN_v2,30,64,0.001,32,4,0.9667673716012075,0.9775967413441945,0.9721518987336761,982
2025-09-05 18:26:31,NN_v2,30,64,0.001,32,5,0.954646017699114,0.967488789237667,0.9610244988859131,892
2025-09-05 18:26:31,NN_v2,30,64,0.001,32,6,0.9747899159663855,0.9686847599164916,0.9717277486905984,958
2025-09-05 18:26:31,NN_v2,30,64,0.001,32,7,0.9673704414587324,0.9805447470817112,0.97391304347776,1028
2025-09-05 18:26:31,NN_v2,30,64,0.001,32,8,0.9508525576730181,0.973305954825461,0.9619482496189815,974
2025-09-05 18:26:31,NN_v2,30,64,0.001,32,9,0.9794450154162374,0.9444995044598603,0.9616548940459169,1009
2025-09-05 18:26:50,NN_v2,50,64,0.001,32,0,0.97005988023952,0.9918367346938766,0.980827447022708,980
2025-09-05 18:26:50,NN_v2,50,64,0.001,32,1,0.9808362369337972,0.992070484581497,0.9864213753827669,1135
2025-09-05 18:26:50,NN_v2,50,64,0.001,32,2,0.9737609329446055,0.9709302325581387,0.9723435225613624,1032
2025-09-05 18:26:50,NN_v2,50,64,0.001,32,3,0.9691235059760946,0.9633663366336624,0.9662363455804325,1010
2025-09-05 18:26:50,NN_v2,50,64,0.001,32,4,0.9897013388259516,0.9786150712830947,0.984126984126483,982
2025-09-05 18:26:50,NN_v2,50,64,0.001,32,5,0.9772727272727262,0.9641255605381155,0.9706546275390022,892
2025-09-05 18:26:50,NN_v2,50,64,0.001,32,6,0.9770114942528725,0.97599164926931,0.9765013054825277,958
2025-09-05 18:26:50,NN_v2,50,64,0.001,32,7,0.965284474445515,0.9737354085603104,0.9694915254232279,1028
2025-09-05 18:26:50,NN_v2,50,64,0.001,32,8,0.9573604060913695,0.9681724845995883,0.9627360898412549,974
2025-09-05 18:26:50,NN_v2,50,64,0.001,32,9,0.9827760891590669,0.9613478691774024,0.9719438877750501,1009
2025-09-05 18:27:06,NN_v2,75,64,0.001,32,0,0.9766970618034437,0.9836734693877541,0.9801728520584719,980
2025-09-05 18:27:06,NN_v2,75,64,0.001,32,1,0.9825632083696592,0.9929515418502195,0.9877300613491925,1135
2025-09-05 18:27:06,NN_v2,75,64,0.001,32,2,0.9776482021379972,0.9748062015503868,0.9762251334298727,1032
2025-09-05 18:27:06,NN_v2,75,64,0.001,32,3,0.9731610337972157,0.9693069306930683,0.9712301587296577,1010
2025-09-05 18:27:06,NN_v2,75,64,0.001,32,4,0.971659919028339,0.9775967413441945,0.9746192893396004,982
2025-09-05 18:27:06,NN_v2,75,64,0.001,32,5,0.9730033745781766,0.9697309417040347,0.9713644020208352,892
2025-09-05 18:27:06,NN_v2,75,64,0.001,32,6,0.9760914760914751,0.9801670146137776,0.9781249999994989,958
2025-09-05 18:27:06,NN_v2,75,64,0.001,32,7,0.9616858237547884,0.9766536964980536,0.9691119691114682,1028
2025-09-05 18:27:06,NN_v2,75,64,0.001,32,8,0.9811518324607319,0.9620123203285411,0.9714878175215311,974
2025-09-05 18:27:06,NN_v2,75,64,0.001,32,9,0.9707955689828791,0.9554013875123876,0.9630369630364621,1009
2025-09-05 18:27:13,NN_v2,10,64,0.001,64,0,0.9768378650553867,0.9897959183673459,0.9832742017227629,980
2025-09-05 18:27:13,NN_v2,10,64,0.001,64,1,0.9902826855123666,0.9876651982378847,0.9889722099686213,1135
2025-09-05 18:27:13,NN_v2,10,64,0.001,64,2,0.9784524975514192,0.9680232558139527,0.9732099366775312,1032
2025-09-05 18:27:13,NN_v2,10,64,0.001,64,3,0.984787018255577,0.9613861386138605,0.9729458917830662,1010
2025-09-05 18:27:13,NN_v2,10,64,0.001,64,4,0.9814241486068102,0.9684317718940927,0.9748846745253831,982
2025-09-05 18:27:13,NN_v2,10,64,0.001,64,5,0.9614537444933909,0.9786995515695056,0.9699999999994989,892
2025-09-05 18:27:13,NN_v2,10,64,0.001,64,6,0.9778947368421043,0.9697286012526085,0.9737945492657463,958
2025-09-05 18:27:13,NN_v2,10,64,0.001,64,7,0.9719806763285016,0.9785992217898825,0.975278720309727,1028
2025-09-05 18:27:13,NN_v2,10,64,0.001,64,8,0.9574468085106373,0.9702258726899374,0.9637939826614061,974
2025-09-05 18:27:13,NN_v2,10,64,0.001,64,9,0.9646712463199205,0.9742319127849346,0.9694280078890453,1009
2025-09-05 18:27:27,NN_v2,30,64,0.001,64,0,0.9856262833675554,0.9795918367346929,0.9825997952912082,980
2025-09-05 18:27:27,NN_v2,30,64,0.001,64,1,0.9876760563380274,0.9885462555066071,0.9881109643323922,1135
2025-09-05 18:27:27,NN_v2,30,64,0.001,64,2,0.9728944820909963,0.9738372093023248,0.9733656174329132,1032
2025-09-05 18:27:27,NN_v2,30,64,0.001,64,3,0.9575289575289567,0.9821782178217812,0.9696969696964689,1010
2025-09-05 18:27:27,NN_v2,30,64,0.001,64,4,0.9757330637007068,0.9826883910386955,0.9791983764581494,982
2025-09-05 18:27:27,NN_v2,30,64,0.001,64,5,0.9666295884315895,0.9742152466367702,0.9704075935226704,892
2025-09-05 18:27:27,NN_v2,30,64,0.001,64,6,0.9769874476987437,0.9749478079331931,0.9759665621729576,958
2025-09-05 18:27:27,NN_v2,30,64,0.001,64,7,0.9755620723362649,0.9708171206225672,0.9731838127737555,1028
2025-09-05 18:27:27,NN_v2,30,64,0.001,64,8,0.9618949536560237,0.9589322381930174,0.9604113110534835,974
2025-09-05 18:27:27,NN_v2,30,64,0.001,64,9,0.9806714140386561,0.9554013875123876,0.9678714859432742,1009
2025-09-05 18:27:42,NN_v2,50,64,0.001,64,0,0.9827760891590669,0.9897959183673459,0.9862735129634034,980
2025-09-05 18:27:42,NN_v2,50,64,0.001,64,1,0.9928762243989306,0.9823788546255499,0.9875996457036621,1135
2025-09-05 18:27:42,NN_v2,50,64,0.001,64,2,0.9765166340508796,0.9670542635658906,0.9717624147998886,1032
2025-09-05 18:27:42,NN_v2,50,64,0.001,64,3,0.9603097773475306,0.9821782178217812,0.9711209006358182,1010
2025-09-05 18:27:42,NN_v2,50,64,0.001,64,4,0.9678068410462767,0.9796334012219949,0.9736842105258149,982
2025-09-05 18:27:42,NN_v2,50,64,0.001,64,5,0.9753086419753075,0.9742152466367702,0.9747616376887865,892
2025-09-05 18:27:42,NN_v2,50,64,0.001,64,6,0.982029598308667,0.9697286012526085,0.9758403361339527,958
2025-09-05 18:27:42,NN_v2,50,64,0.001,64,7,0.9718172983479098,0.972762645914396,0.9722897423427174,1028
2025-09-05 18:27:42,NN_v2,50,64,0.001,64,8,0.9565656565656556,0.9722792607802865,0.9643584521379919,974
2025-09-05 18:27:42,NN_v2,50,64,0.001,64,9,0.9786802030456843,0.9554013875123876,0.966900702105818,1009
2025-09-05 18:27:58,NN_v2,75,64,0.001,64,0,0.9797160243407698,0.9857142857142847,0.9827060020340869,980
2025-09-05 18:27:58,NN_v2,75,64,0.001,64,1,0.9903169014084499,0.9911894273127745,0.9907529722584159,1135
2025-09-05 18:27:58,NN_v2,75,64,0.001,64,2,0.9655172413793095,0.9767441860465108,0.9710982658954529,1032
2025-09-05 18:27:58,NN_v2,75,64,0.001,64,3,0.9724137931034473,0.9772277227722762,0.9748148148143138,1010
2025-09-05 18:27:58,NN_v2,75,64,0.001,64,4,0.9813857290589442,0.9663951120162922,0.9738327347352609,982
2025-09-05 18:27:58,NN_v2,75,64,0.001,64,5,0.9601328903654475,0.9719730941704025,0.9660167130914209,892
2025-09-05 18:27:58,NN_v2,75,64,0.001,64,6,0.9819148936170202,0.9634655532359071,0.9726027397255265,958
2025-09-05 18:27:58,NN_v2,75,64,0.001,64,7,0.9747327502429535,0.9756809338521392,0.975206611569747,1028
2025-09-05 18:27:58,NN_v2,75,64,0.001,64,8,0.9749739311783097,0.9599589322381921,0.9674081738225719,974
2025-09-05 18:27:58,NN_v2,75,64,0.001,64,9,0.9657198824681675,0.977205153617442,0.9714285714280705,1009
2025-09-05 18:28:03,NN_v2,10,64,0.001,128,0,0.9758551307847072,0.9897959183673459,0.9827760891585668,980
2025-09-05 18:28:03,NN_v2,10,64,0.001,128,1,0.9774501300954025,0.9929515418502195,0.9851398601393593,1135
2025-09-05 18:28:03,NN_v2,10,64,0.001,128,2,0.9763079960513317,0.9583333333333325,0.96723716381368,1032
2025-09-05 18:28:03,NN_v2,10,64,0.001,128,3,0.9672943508424172,0.9663366336633653,0.9668152550762695,1010
2025-09-05 18:28:03,NN_v2,10,64,0.001,128,4,0.96774193548387,0.9775967413441945,0.972644376899195,982
2025-09-05 18:28:03,NN_v2,10,64,0.001,128,5,0.9537953795379527,0.9719730941704025,0.962798445307661,892
2025-09-05 18:28:03,NN_v2,10,64,0.001,128,6,0.9779179810725541,0.9707724425887255,0.9743321110524062,958
2025-09-05 18:28:03,NN_v2,10,64,0.001,128,7,0.9744597249508831,0.9649805447470808,0.9696969696964688,1028
2025-09-05 18:28:03,NN_v2,10,64,0.001,128,8,0.960865087538619,0.9579055441478429,0.959383033418522,974
2025-09-05 18:28:03,NN_v2,10,64,0.001,128,9,0.9727272727272718,0.9544103072348851,0.9634817408699342,1009
2025-09-05 18:28:16,NN_v2,30,64,0.001,128,0,0.9729187562688054,0.9897959183673459,0.9812847749109809,980
2025-09-05 18:28:16,NN_v2,30,64,0.001,128,1,0.9894086496028236,0.9876651982378847,0.9885361552023211,1135
2025-09-05 18:28:16,NN_v2,30,64,0.001,128,2,0.9738372093023248,0.9738372093023248,0.9738372093018247,1032
2025-09-05 18:28:16,NN_v2,30,64,0.001,128,3,0.9657869012707713,0.9782178217821772,0.971962616821929,1010
2025-09-05 18:28:16,NN_v2,30,64,0.001,128,4,0.9746963562753026,0.9806517311608951,0.9776649746187882,982
2025-09-05 18:28:16,NN_v2,30,64,0.001,128,5,0.9817767653758531,0.9663677130044832,0.9740112994345271,892
2025-09-05 18:28:16,NN_v2,30,64,0.001,128,6,0.9810326659641717,0.9718162839248424,0.9764027267955137,958
2025-09-05 18:28:16,NN_v2,30,64,0.001,128,7,0.9728944820909963,0.977626459143968,0.975254730712745,1028
2025-09-05 18:28:16,NN_v2,30,64,0.001,128,8,0.9691040164778568,0.9661190965092392,0.9676092544982136,974
2025-09-05 18:28:16,NN_v2,30,64,0.001,128,9,0.9779116465863443,0.9653121902874123,0.971571072318701,1009
2025-09-05 18:28:29,NN_v2,50,64,0.001,128,0,0.9738693467336673,0.9887755102040806,0.9812658227843091,980
2025-09-05 18:28:29,NN_v2,50,64,0.001,128,1,0.990239574090505,0.9832599118942723,0.9867374005300033,1135
2025-09-05 18:28:29,NN_v2,50,64,0.001,128,2,0.9737354085603104,0.9699612403100767,0.9718446601936739,1032
2025-09-05 18:28:29,NN_v2,50,64,0.001,128,3,0.9692765113974222,0.9683168316831673,0.9687964338776566,1010
2025-09-05 18:28:29,NN_v2,50,64,0.001,128,4,0.9725888324873087,0.9755600814663941,0.9740721911535407,982
2025-09-05 18:28:29,NN_v2,50,64,0.001,128,5,0.9794754846066123,0.9630044843049317,0.9711701526281026,892
2025-09-05 18:28:29,NN_v2,50,64,0.001,128,6,0.9759665621734577,0.9749478079331931,0.9754569190595512,958
2025-09-05 18:28:29,NN_v2,50,64,0.001,128,7,0.9793713163064823,0.9698443579766528,0.9745845552292155,1028
2025-09-05 18:28:29,NN_v2,50,64,0.001,128,8,0.9527638190954764,0.973305954825461,0.9629253428131099,974
2025-09-05 18:28:29,NN_v2,50,64,0.001,128,9,0.9653121902874123,0.9653121902874123,0.9653121902869123,1009
2025-09-05 18:28:45,NN_v2,75,64,0.001,128,0,0.9846625766871155,0.9826530612244888,0.9836567926450557,980
2025-09-05 18:28:45,NN_v2,75,64,0.001,128,1,0.987708516242317,0.9911894273127745,0.9894459102897366,1135
2025-09-05 18:28:45,NN_v2,75,64,0.001,128,2,0.9620132953466278,0.9815891472868209,0.9717026378891873,1032
2025-09-05 18:28:45,NN_v2,75,64,0.001,128,3,0.9602713178294565,0.9811881188118802,0.970617042115072,1010
2025-09-05 18:28:45,NN_v2,75,64,0.001,128,4,0.9726166328600395,0.9765784114052943,0.9745934959344583,982
2025-09-05 18:28:45,NN_v2,75,64,0.001,128,5,0.9739819004524876,0.9652466367712993,0.9695945945940935,892
2025-09-05 18:28:45,NN_v2,75,64,0.001,128,6,0.983050847457626,0.9686847599164916,0.9758149316503927,958
2025-09-05 18:28:45,NN_v2,75,64,0.001,128,7,0.9752964426877461,0.9601167315175089,0.9676470588230285,1028
2025-09-05 18:28:45,NN_v2,75,64,0.001,128,8,0.9720785935884168,0.9650924024640647,0.9685729005662171,974
2025-09-05 18:28:45,NN_v2,75,64,0.001,128,9,0.9701492537313423,0.9663032705649148,0.9682224428992011,1009
2025-09-05 18:28:58,NN_v2,10,64,0.0005,32,0,0.978744939271254,0.98673469387755,0.9827235772352713,980
2025-09-05 18:28:58,NN_v2,10,64,0.0005,32,1,0.9910952804986635,0.980616740088105,0.9858281665185425,1135
2025-09-05 18:28:58,NN_v2,10,64,0.0005,32,2,0.9725759059745338,0.9622093023255806,0.9673648319527383,1032
2025-09-05 18:28:58,NN_v2,10,64,0.0005,32,3,0.9611650485436884,0.9801980198019792,0.9705882352936166,1010
2025-09-05 18:28:58,NN_v2,10,64,0.0005,32,4,0.96774193548387,0.9775967413441945,0.972644376899195,982
2025-09-05 18:28:58,NN_v2,10,64,0.0005,32,5,0.9795918367346927,0.9686098654708509,0.9740698985338845,892
2025-09-05 18:28:58,NN_v2,10,64,0.0005,32,6,0.97689075630252,0.9707724425887255,0.9738219895282947,958
2025-09-05 18:28:58,NN_v2,10,64,0.0005,32,7,0.9718172983479098,0.972762645914396,0.9722897423427174,1028
2025-09-05 18:28:58,NN_v2,10,64,0.0005,32,8,0.9495967741935474,0.9671457905544137,0.9582909460829172,974
2025-09-05 18:28:58,NN_v2,10,64,0.0005,32,9,0.9727547931382432,0.9554013875123876,0.9639999999994989,1009
2025-09-05 18:29:22,NN_v2,30,64,0.0005,32,0,0.9836901121304781,0.9846938775510193,0.9841917389082189,980
2025-09-05 18:29:22,NN_v2,30,64,0.0005,32,1,0.987708516242317,0.9911894273127745,0.9894459102897366,1135
2025-09-05 18:29:22,NN_v2,30,64,0.0005,32,2,0.9589694656488541,0.9738372093023248,0.966346153845653,1032
2025-09-05 18:29:22,NN_v2,30,64,0.0005,32,3,0.9580487804878041,0.9722772277227713,0.9651105651100642,1010
2025-09-05 18:29:22,NN_v2,30,64,0.0005,32,4,0.9677744209466254,0.9786150712830947,0.9731645569615243,982
2025-09-05 18:29:22,NN_v2,30,64,0.0005,32,5,0.9579646017699104,0.9708520179372186,0.9643652561242204,892
2025-09-05 18:29:22,NN_v2,30,64,0.0005,32,6,0.9819724284199353,0.9665970772442578,0.97422409258235,958
2025-09-05 18:29:22,NN_v2,30,64,0.0005,32,7,0.9708454810495618,0.9717898832684816,0.9713174526003742,1028
2025-09-05 18:29:22,NN_v2,30,64,0.0005,32,8,0.9735729386892167,0.9455852156057485,0.9593749999994989,974
2025-09-05 18:29:22,NN_v2,30,64,0.0005,32,9,0.9778225806451603,0.9613478691774024,0.9695152423783097,1009
2025-09-05 18:29:47,NN_v2,50,64,0.0005,32,0,0.978744939271254,0.98673469387755,0.9827235772352713,980
2025-09-05 18:29:47,NN_v2,50,64,0.0005,32,1,0.9842381786339747,0.990308370044052,0.987263943785182,1135
2025-09-05 18:29:47,NN_v2,50,64,0.0005,32,2,0.9793510324483766,0.9651162790697666,0.972181551976073,1032
2025-09-05 18:29:47,NN_v2,50,64,0.0005,32,3,0.9723593287265538,0.9752475247524742,0.9738012852194693,1010
2025-09-05 18:29:47,NN_v2,50,64,0.0005,32,4,0.9735772357723567,0.9755600814663941,0.9745676500503636,982
2025-09-05 18:29:47,NN_v2,50,64,0.0005,32,5,0.982758620689654,0.9585201793721962,0.9704880817248112,892
2025-09-05 18:29:47,NN_v2,50,64,0.0005,32,6,0.9660493827160483,0.9801670146137776,0.9730569948181518,958
2025-09-05 18:29:47,NN_v2,50,64,0.0005,32,7,0.9717348927875235,0.9698443579766528,0.9707887049654191,1028
2025-09-05 18:29:47,NN_v2,50,64,0.0005,32,8,0.9650565262076043,0.9640657084188902,0.9645608628654466,974
2025-09-05 18:29:47,NN_v2,50,64,0.0005,32,9,0.9665024630541862,0.9722497522299296,0.9693675889323052,1009
2025-09-05 18:30:11,NN_v2,75,64,0.0005,32,0,0.9729187562688054,0.9897959183673459,0.9812847749109809,980
2025-09-05 18:30:11,NN_v2,75,64,0.0005,32,1,0.9859649122807009,0.990308370044052,0.9881318681313673,1135
2025-09-05 18:30:11,NN_v2,75,64,0.0005,32,2,0.9755620723362649,0.9670542635658906,0.9712895377123945,1032
2025-09-05 18:30:11,NN_v2,75,64,0.0005,32,3,0.9679300291545181,0.9861386138613851,0.9769494850411862,1010
2025-09-05 18:30:11,NN_v2,75,64,0.0005,32,4,0.9792960662525869,0.9633401221995916,0.9712525667346118,982
2025-09-05 18:30:11,NN_v2,75,64,0.0005,32,5,0.9774266365688477,0.9708520179372186,0.9741282339702524,892
2025-09-05 18:30:11,NN_v2,75,64,0.0005,32,6,0.981112277019936,0.97599164926931,0.9785452642590489,958
2025-09-05 18:30:11,NN_v2,75,64,0.0005,32,7,0.9710144927536223,0.977626459143968,0.9743092583611083,1028
2025-09-05 18:30:11,NN_v2,75,64,0.0005,32,8,0.9690082644628089,0.9630390143737156,0.9660144181251427,974
2025-09-05 18:30:11,NN_v2,75,64,0.0005,32,9,0.9680957128614147,0.9623389494549048,0.9652087475144094,1009
2025-09-05 18:30:18,NN_v2,10,64,0.0005,64,0,0.9806517311608951,0.9826530612244888,0.981651376146288,980
2025-09-05 18:30:18,NN_v2,10,64,0.0005,64,1,0.9850615114235493,0.9876651982378847,0.9863616366031067,1135
2025-09-05 18:30:18,NN_v2,10,64,0.0005,64,2,0.9689621726479138,0.9680232558139527,0.9684924866693975,1032
2025-09-05 18:30:18,NN_v2,10,64,0.0005,64,3,0.9654150197628448,0.9673267326732663,0.9663699307611211,1010
2025-09-05 18:30:18,NN_v2,10,64,0.0005,64,4,0.9723360655737695,0.9663951120162922,0.9693564862099177,982
2025-09-05 18:30:18,NN_v2,10,64,0.0005,64,5,0.9622222222222211,0.9708520179372186,0.9665178571423559,892
2025-09-05 18:30:18,NN_v2,10,64,0.0005,64,6,0.9737670514165782,0.9686847599164916,0.9712192569330416,958
2025-09-05 18:30:18,NN_v2,10,64,0.0005,64,7,0.968901846452866,0.9698443579766528,0.9693728731156878,1028
2025-09-05 18:30:18,NN_v2,10,64,0.0005,64,8,0.9669421487603296,0.9609856262833666,0.9639546858903332,974
2025-09-05 18:30:18,NN_v2,10,64,0.0005,64,9,0.9614243323442127,0.9633300297324073,0.9623762376232613,1009
2025-09-05 18:30:38,NN_v2,30,64,0.0005,64,0,0.9837067209775957,0.9857142857142847,0.984709480121823,980
2025-09-05 18:30:38,NN_v2,30,64,0.0005,64,1,0.9885563380281682,0.9894273127753296,0.9889916336410667,1135
2025-09-05 18:30:38,NN_v2,30,64,0.0005,64,2,0.9633911368015405,0.9689922480620147,0.9661835748787261,1032
2025-09-05 18:30:38,NN_v2,30,64,0.0005,64,3,0.9657534246575333,0.9772277227722762,0.9714566929128848,1010
2025-09-05 18:30:38,NN_v2,30,64,0.0005,64,4,0.9763617677286732,0.9674134419551925,0.9718670076721332,982
2025-09-05 18:30:38,NN_v2,30,64,0.0005,64,5,0.9785794813979696,0.9730941704035864,0.9758291174812301,892
2025-09-05 18:30:38,NN_v2,30,64,0.0005,64,6,0.9759162303664911,0.9728601252609593,0.9743857814945329,958
2025-09-05 18:30:38,NN_v2,30,64,0.0005,64,7,0.9680232558139527,0.9717898832684816,0.9699029126208583,1028
2025-09-05 18:30:38,NN_v2,30,64,0.0005,64,8,0.9729729729729719,0.9609856262833666,0.9669421487598295,974
2025-09-05 18:30:38,NN_v2,30,64,0.0005,64,9,0.9644619940769981,0.9682854311199197,0.9663699307611212,1009
2025-09-05 18:30:57,NN_v2,50,64,0.0005,64,0,0.9738430583500997,0.9877551020408153,0.9807497467066925,980
2025-09-05 18:30:57,NN_v2,50,64,0.0005,64,1,0.9894179894179886,0.9885462555066071,0.9889819303652991,1135
2025-09-05 18:30:57,NN_v2,50,64,0.0005,64,2,0.9748792270531392,0.9777131782945728,0.976294146104966,1032
2025-09-05 18:30:57,NN_v2,50,64,0.0005,64,3,0.9703264094955479,0.9712871287128703,0.9708065314195881,1010
2025-09-05 18:30:57,NN_v2,50,64,0.0005,64,4,0.9785056294779928,0.9735234215885937,0.9760081674318625,982
2025-09-05 18:30:57,NN_v2,50,64,0.0005,64,5,0.9731243001119809,0.9742152466367702,0.9736694677866137,892
2025-09-05 18:30:57,NN_v2,50,64,0.0005,64,6,0.9791231732776607,0.9791231732776607,0.9791231732771607,958
2025-09-05 18:30:57,NN_v2,50,64,0.0005,64,7,0.9682080924855483,0.977626459143968,0.9728944820904961,1028
2025-09-05 18:30:57,NN_v2,50,64,0.0005,64,8,0.9799789251844035,0.9548254620123193,0.9672386895470809,974
2025-09-05 18:30:57,NN_v2,50,64,0.0005,64,9,0.9673590504451028,0.9692765113974222,0.9683168316826672,1009
2025-09-05 18:31:19,NN_v2,75,64,0.0005,64,0,0.985655737704917,0.9816326530612235,0.9836400817990899,980
2025-09-05 18:31:19,NN_v2,75,64,0.0005,64,1,0.984279475982532,0.9929515418502195,0.9885964912275693,1135
2025-09-05 18:31:19,NN_v2,75,64,0.0005,64,2,0.9700483091787431,0.9728682170542627,0.9714562167387347,1032
2025-09-05 18:31:19,NN_v2,75,64,0.0005,64,3,0.9612027158098925,0.9811881188118802,0.9710926016653492,1010
2025-09-05 18:31:19,NN_v2,75,64,0.0005,64,4,0.9706180344478207,0.9755600814663941,0.9730827831381479,982
2025-09-05 18:31:19,NN_v2,75,64,0.0005,64,5,0.980681818181817,0.967488789237667,0.9740406320536749,892
2025-09-05 18:31:19,NN_v2,75,64,0.0005,64,6,0.9741200828157339,0.9822546972860114,0.978170478169977,958
2025-09-05 18:31:19,NN_v2,75,64,0.0005,64,7,0.9775171065493636,0.972762645914396,0.9751340809356277,1028
2025-09-05 18:31:19,NN_v2,75,64,0.0005,64,8,0.9689119170984446,0.9599589322381921,0.9644146467246151,974
2025-09-05 18:31:19,NN_v2,75,64,0.0005,64,9,0.9778225806451603,0.9613478691774024,0.9695152423783097,1009
2025-09-05 18:31:25,NN_v2,10,64,0.0005,128,0,0.9679358717434859,0.9857142857142847,0.9767441860460107,980
2025-09-05 18:31:25,NN_v2,10,64,0.0005,128,1,0.9816112084063039,0.9876651982378847,0.9846288976718751,1135
2025-09-05 18:31:25,NN_v2,10,64,0.0005,128,2,0.9498106060606052,0.9718992248062007,0.9607279693481582,1032
2025-09-05 18:31:25,NN_v2,10,64,0.0005,128,3,0.9596059113300482,0.9643564356435633,0.9619753086414742,1010
2025-09-05 18:31:25,NN_v2,10,64,0.0005,128,4,0.961499493414386,0.9663951120162922,0.9639410868456136,982
2025-09-05 18:31:25,NN_v2,10,64,0.0005,128,5,0.9772209567198167,0.9618834080717478,0.9694915254232278,892
2025-09-05 18:31:25,NN_v2,10,64,0.0005,128,6,0.9617768595041312,0.9718162839248424,0.9667705088260825,958
2025-09-05 18:31:25,NN_v2,10,64,0.0005,128,7,0.9593417231364948,0.9640077821011664,0.9616690926729585,1028
2025-09-05 18:31:25,NN_v2,10,64,0.0005,128,8,0.9715489989462581,0.946611909650923,0.9589183567337684,974
2025-09-05 18:31:25,NN_v2,10,64,0.0005,128,9,0.9722792607802865,0.9385530227948454,0.9551185073116525,1009
2025-09-05 18:31:41,NN_v2,30,64,0.0005,128,0,0.9748743718592955,0.9897959183673459,0.9822784810121572,980
2025-09-05 18:31:41,NN_v2,30,64,0.0005,128,1,0.9850877192982448,0.9894273127753296,0.9872527472522464,1135
2025-09-05 18:31:41,NN_v2,30,64,0.0005,128,2,0.9681774349083887,0.9728682170542627,0.9705171580468651,1032
2025-09-05 18:31:41,NN_v2,30,64,0.0005,128,3,0.9648093841642219,0.9772277227722762,0.970978848991137,1010
2025-09-05 18:31:41,NN_v2,30,64,0.0005,128,4,0.9717741935483861,0.9816700610997953,0.9766970618029437,982
2025-09-05 18:31:41,NN_v2,30,64,0.0005,128,5,0.9851598173515971,0.967488789237667,0.9762443438909016,892
2025-09-05 18:31:41,NN_v2,30,64,0.0005,128,6,0.9831932773109233,0.9770354906054269,0.9801047120413837,958
2025-09-05 18:31:41,NN_v2,30,64,0.0005,128,7,0.9718719689621718,0.9747081712062248,0.9732880038848803,1028
2025-09-05 18:31:41,NN_v2,30,64,0.0005,128,8,0.9662576687116554,0.9702258726899374,0.9682377049175317,974
2025-09-05 18:31:41,NN_v2,30,64,0.0005,128,9,0.9846311475409826,0.9524281466798801,0.9682619647350155,1009
2025-09-05 18:31:58,NN_v2,50,64,0.0005,128,0,0.9758064516129022,0.9877551020408153,0.9817444219061927,980
2025-09-05 18:31:58,NN_v2,50,64,0.0005,128,1,0.9876651982378847,0.9876651982378847,0.9876651982373846,1135
2025-09-05 18:31:58,NN_v2,50,64,0.0005,128,2,0.9728419010669245,0.9718992248062007,0.9723703344638713,1032
2025-09-05 18:31:58,NN_v2,50,64,0.0005,128,3,0.9673590504451028,0.9683168316831673,0.9678377041063767,1010
2025-09-05 18:31:58,NN_v2,50,64,0.0005,128,4,0.9696663296258837,0.9765784114052943,0.9731100963972666,982
2025-09-05 18:31:58,NN_v2,50,64,0.0005,128,5,0.9828178694158064,0.9618834080717478,0.9722379603394422,892
2025-09-05 18:31:58,NN_v2,50,64,0.0005,128,6,0.9780564263322874,0.9770354906054269,0.9775456919055041,958
2025-09-05 18:31:58,NN_v2,50,64,0.0005,128,7,0.9679611650485428,0.9698443579766528,0.9689018464523659,1028
2025-09-05 18:31:58,NN_v2,50,64,0.0005,128,8,0.9613034623217913,0.9691991786447628,0.9652351738236298,974
2025-09-05 18:31:58,NN_v2,50,64,0.0005,128,9,0.972999999999999,0.9643211100099098,0.9686411149820774,1009
2025-09-05 18:32:16,NN_v2,75,64,0.0005,128,0,0.97102897102897,0.9918367346938766,0.9813225643609326,980
2025-09-05 18:32:16,NN_v2,75,64,0.0005,128,1,0.9876760563380274,0.9885462555066071,0.9881109643323922,1135
2025-09-05 18:32:16,NN_v2,75,64,0.0005,128,2,0.9728682170542627,0.9728682170542627,0.9728682170537627,1032
2025-09-05 18:32:16,NN_v2,75,64,0.0005,128,3,0.9609374999999991,0.9742574257425732,0.967551622418378,1010
2025-09-05 18:32:16,NN_v2,75,64,0.0005,128,4,0.9734422880490287,0.9704684317718931,0.9719530851601313,982
2025-09-05 18:32:16,NN_v2,75,64,0.0005,128,5,0.9816091954022977,0.9573991031390123,0.9693530079450152,892
2025-09-05 18:32:16,NN_v2,75,64,0.0005,128,6,0.9789473684210516,0.9707724425887255,0.9748427672950964,958
2025-09-05 18:32:16,NN_v2,75,64,0.0005,128,7,0.9679300291545181,0.9688715953307384,0.9684005833733444,1028
2025-09-05 18:32:16,NN_v2,75,64,0.0005,128,8,0.963579604578563,0.9507186858316212,0.9571059431519539,974
2025-09-05 18:32:16,NN_v2,75,64,0.0005,128,9,0.9616895874263252,0.9702675916749247,0.9659595461267806,1009
2025-09-05 18:32:27,NN_v2,10,64,0.0001,32,0,0.9658634538152601,0.9816326530612235,0.9736842105258148,980
2025-09-05 18:32:27,NN_v2,10,64,0.0001,32,1,0.9780509218612811,0.9814977973568274,0.9797713280557876,1135
2025-09-05 18:32:27,NN_v2,10,64,0.0001,32,2,0.9433781190019186,0.9525193798449604,0.947926711667773,1032
2025-09-05 18:32:27,NN_v2,10,64,0.0001,32,3,0.9292635658914721,0.9495049504950486,0.9392752203716833,1010
2025-09-05 18:32:27,NN_v2,10,64,0.0001,32,4,0.9446680080482888,0.9562118126272903,0.9504048582990942,982
2025-09-05 18:32:27,NN_v2,10,64,0.0001,32,5,0.9519450800915321,0.9327354260089675,0.9422423556053879,892
2025-09-05 18:32:27,NN_v2,10,64,0.0001,32,6,0.9553941908713682,0.9613778705636733,0.9583766909464292,958
2025-09-05 18:32:27,NN_v2,10,64,0.0001,32,7,0.958498023715414,0.9435797665369642,0.9509803921563619,1028
2025-09-05 18:32:27,NN_v2,10,64,0.0001,32,8,0.944560669456066,0.9271047227926068,0.9357512953362866,974
2025-09-05 18:32:27,NN_v2,10,64,0.0001,32,9,0.946518668012108,0.9296333002973232,0.9379999999994991,1009
2025-09-05 18:32:59,NN_v2,30,64,0.0001,32,0,0.9737638748738637,0.9846938775510193,0.9791983764581494,980
2025-09-05 18:32:59,NN_v2,30,64,0.0001,32,1,0.9799476896251083,0.990308370044052,0.9851007887812696,1135
2025-09-05 18:32:59,NN_v2,30,64,0.0001,32,2,0.965217391304347,0.9680232558139527,0.9666182873725034,1032
2025-09-05 18:32:59,NN_v2,30,64,0.0001,32,3,0.966436327739387,0.9693069306930683,0.967869500740972,1010
2025-09-05 18:32:59,NN_v2,30,64,0.0001,32,4,0.977319587628865,0.9653767820773921,0.9713114754093352,982
2025-09-05 18:32:59,NN_v2,30,64,0.0001,32,5,0.9815242494226316,0.9529147982062769,0.9670079635944931,892
2025-09-05 18:32:59,NN_v2,30,64,0.0001,32,6,0.9618556701030918,0.9739039665970762,0.9678423236509511,958
2025-09-05 18:32:59,NN_v2,30,64,0.0001,32,7,0.963249516441005,0.9688715953307384,0.9660523763331558,1028
2025-09-05 18:32:59,NN_v2,30,64,0.0001,32,8,0.9605809128630696,0.9507186858316212,0.9556243550046589,974
2025-09-05 18:32:59,NN_v2,30,64,0.0001,32,9,0.9623762376237615,0.9633300297324073,0.962852897473496,1009
2025-09-05 18:33:54,NN_v2,50,64,0.0001,32,0,0.9827235772357713,0.98673469387755,0.9847250509159958,980
2025-09-05 18:33:54,NN_v2,50,64,0.0001,32,1,0.9850746268656708,0.9885462555066071,0.986807387862296,1135
2025-09-05 18:33:54,NN_v2,50,64,0.0001,32,2,0.9710703953712624,0.9757751937984488,0.9734171097143371,1032
2025-09-05 18:33:54,NN_v2,50,64,0.0001,32,3,0.9611650485436884,0.9801980198019792,0.9705882352936166,1010
2025-09-05 18:33:54,NN_v2,50,64,0.0001,32,4,0.970736629667002,0.9796334012219949,0.9751647237704062,982
2025-09-05 18:33:54,NN_v2,50,64,0.0001,32,5,0.980637813211844,0.9652466367712993,0.9728813559317023,892
2025-09-05 18:33:54,NN_v2,50,64,0.0001,32,6,0.9750260145681572,0.9780793319415438,0.9765502866071071,958
2025-09-05 18:33:54,NN_v2,50,64,0.0001,32,7,0.9793307086614164,0.967898832684824,0.9735812133067397,1028
2025-09-05 18:33:54,NN_v2,50,64,0.0001,32,8,0.9730848861283634,0.9650924024640647,0.9690721649479526,974
2025-09-05 18:33:54,NN_v2,50,64,0.0001,32,9,0.9729458917835662,0.9623389494549048,0.9676133532630764,1009
2025-09-05 18:35:01,NN_v2,75,64,0.0001,32,0,0.982741116751268,0.9877551020408153,0.9852417302793971,980
2025-09-05 18:35:01,NN_v2,75,64,0.0001,32,1,0.9850615114235493,0.9876651982378847,0.9863616366031067,1135
2025-09-05 18:35:01,NN_v2,75,64,0.0001,32,2,0.9681774349083887,0.9728682170542627,0.9705171580468651,1032
2025-09-05 18:35:01,NN_v2,75,64,0.0001,32,3,0.9666666666666657,0.9762376237623752,0.9714285714280705,1010
2025-09-05 18:35:01,NN_v2,75,64,0.0001,32,4,0.979381443298968,0.9674134419551925,0.973360655737204,982
2025-09-05 18:35:01,NN_v2,75,64,0.0001,32,5,0.9761092150170637,0.9618834080717478,0.9689440993783808,892
2025-09-05 18:35:01,NN_v2,75,64,0.0001,32,6,0.9801047120418838,0.9770354906054269,0.9785676947198334,958
2025-09-05 18:35:01,NN_v2,75,64,0.0001,32,7,0.9737354085603104,0.9737354085603104,0.9737354085598103,1028
2025-09-05 18:35:01,NN_v2,75,64,0.0001,32,8,0.9605263157894727,0.9743326488706355,0.9673802242604572,974
2025-09-05 18:35:01,NN_v2,75,64,0.0001,32,9,0.968999999999999,0.9603567888999,0.9646590343449445,1009
2025-09-05 18:35:08,NN_v2,10,64,0.0001,64,0,0.9528487229862466,0.9897959183673459,0.9709709709704701,980
2025-09-05 18:35:08,NN_v2,10,64,0.0001,64,1,0.9780893952673086,0.9832599118942723,0.9806678383123288,1135
2025-09-05 18:35:08,NN_v2,10,64,0.0001,64,2,0.9455984174085055,0.926356589147286,0.9358786098869196,1032
2025-09-05 18:35:08,NN_v2,10,64,0.0001,64,3,0.9339250493096638,0.9376237623762367,0.9357707509876413,1010
2025-09-05 18:35:08,NN_v2,10,64,0.0001,64,4,0.9477459016393432,0.9419551934826874,0.9448416751782527,982
2025-09-05 18:35:08,NN_v2,10,64,0.0001,64,5,0.9409722222222211,0.9114349775784742,0.9259681093389066,892
2025-09-05 18:35:08,NN_v2,10,64,0.0001,64,6,0.952232606438213,0.9572025052192057,0.954711087974512,958
2025-09-05 18:35:08,NN_v2,10,64,0.0001,64,7,0.9447138700290971,0.9474708171206218,0.9460903351136323,1028
2025-09-05 18:35:08,NN_v2,10,64,0.0001,64,8,0.9207003089598342,0.917864476386036,0.919280205655026,974
2025-09-05 18:35:08,NN_v2,10,64,0.0001,64,9,0.9287833827893166,0.9306243805748257,0.9297029702965288,1009
2025-09-05 18:35:28,NN_v2,30,64,0.0001,64,0,0.970912738214643,0.9877551020408153,0.979261507333844,980
2025-09-05 18:35:28,NN_v2,30,64,0.0001,64,1,0.9842105263157886,0.9885462555066071,0.9863736263731255,1135
2025-09-05 18:35:28,NN_v2,30,64,0.0001,64,2,0.9687499999999991,0.9612403100775185,0.9649805447465809,1032
2025-09-05 18:35:28,NN_v2,30,64,0.0001,64,3,0.9540117416829736,0.9653465346534643,0.9596456692908375,1010
2025-09-05 18:35:28,NN_v2,30,64,0.0001,64,4,0.9702258726899374,0.9623217922606915,0.9662576687111555,982
2025-09-05 18:35:28,NN_v2,30,64,0.0001,64,5,0.9825174825174814,0.9450672645739899,0.9634285714280705,892
2025-09-05 18:35:28,NN_v2,30,64,0.0001,64,6,0.9678423236514513,0.9739039665970762,0.9708636836623501,958
2025-09-05 18:35:28,NN_v2,30,64,0.0001,64,7,0.9658536585365846,0.963035019455252,0.9644422795903418,1028
2025-09-05 18:35:28,NN_v2,30,64,0.0001,64,8,0.9435483870967732,0.9609856262833666,0.9521871820951247,974
2025-09-05 18:35:28,NN_v2,30,64,0.0001,64,9,0.9611553784860548,0.9563924677898901,0.9587680079478349,1009
2025-09-05 18:36:00,NN_v2,50,64,0.0001,64,0,0.9768611670020111,0.9908163265306112,0.983789260384504,980
2025-09-05 18:36:00,NN_v2,50,64,0.0001,64,1,0.9808195292066252,0.9911894273127745,0.9859772129705772,1135
2025-09-05 18:36:00,NN_v2,50,64,0.0001,64,2,0.9766309639727353,0.9718992248062007,0.9742593491981393,1032
2025-09-05 18:36:00,NN_v2,50,64,0.0001,64,3,0.9447619047619039,0.9821782178217812,0.963106796116004,1010
2025-09-05 18:36:00,NN_v2,50,64,0.0001,64,4,0.9696356275303634,0.9755600814663941,0.9725888324868086,982
2025-09-05 18:36:00,NN_v2,50,64,0.0001,64,5,0.9757505773672044,0.9473094170403576,0.9613196814556992,892
2025-09-05 18:36:00,NN_v2,50,64,0.0001,64,6,0.9687825182101967,0.9718162839248424,0.9702970297024692,958
2025-09-05 18:36:00,NN_v2,50,64,0.0001,64,7,0.9705882352941166,0.963035019455252,0.9667968749994992,1028
2025-09-05 18:36:00,NN_v2,50,64,0.0001,64,8,0.9696335078534021,0.9507186858316212,0.9600829445303439,974
2025-09-05 18:36:00,NN_v2,50,64,0.0001,64,9,0.9717741935483861,0.9554013875123876,0.9635182408790592,1009
2025-09-05 18:36:48,NN_v2,75,64,0.0001,64,0,0.9748743718592955,0.9897959183673459,0.9822784810121572,980
2025-09-05 18:36:48,NN_v2,75,64,0.0001,64,1,0.9868189806678376,0.9894273127753296,0.9881214254284476,1135
2025-09-05 18:36:48,NN_v2,75,64,0.0001,64,2,0.9691119691119683,0.9728682170542627,0.9709864603476617,1032
2025-09-05 18:36:48,NN_v2,75,64,0.0001,64,3,0.9693372898120662,0.9702970297029693,0.9698169223151841,1010
2025-09-05 18:36:48,NN_v2,75,64,0.0001,64,4,0.9824742268041227,0.9704684317718931,0.9764344262290072,982
2025-09-05 18:36:48,NN_v2,75,64,0.0001,64,5,0.973063973063972,0.9719730941704025,0.9725182277056121,892
2025-09-05 18:36:48,NN_v2,75,64,0.0001,64,6,0.9739311783107393,0.9749478079331931,0.9744392279598537,958
2025-09-05 18:36:48,NN_v2,75,64,0.0001,64,7,0.9707602339181278,0.9688715953307384,0.9698149951309499,1028
2025-09-05 18:36:48,NN_v2,75,64,0.0001,64,8,0.9698544698544688,0.9579055441478429,0.9638429752061104,974
2025-09-05 18:36:48,NN_v2,75,64,0.0001,64,9,0.9634387351778646,0.9663032705649148,0.9648688767931655,1009
2025-09-05 18:36:54,NN_v2,10,64,0.0001,128,0,0.9601990049751234,0.9846938775510193,0.9722921914352674,980
2025-09-05 18:36:54,NN_v2,10,64,0.0001,128,1,0.9721254355400689,0.9832599118942723,0.9776609724042298,1135
2025-09-05 18:36:54,NN_v2,10,64,0.0001,128,2,0.9386138613861377,0.9186046511627899,0.9285014691473934,1032
2025-09-05 18:36:54,NN_v2,10,64,0.0001,128,3,0.9228486646884264,0.9237623762376228,0.9233052944082075,1010
2025-09-05 18:36:54,NN_v2,10,64,0.0001,128,4,0.9292214357937301,0.9358452138492862,0.9325215626580479,982
2025-09-05 18:36:54,NN_v2,10,64,0.0001,128,5,0.9359720605355053,0.9013452914798196,0.9183323814957868,892
2025-09-05 18:36:54,NN_v2,10,64,0.0001,128,6,0.9395491803278678,0.9572025052192057,0.9482936918299023,958
2025-09-05 18:36:54,NN_v2,10,64,0.0001,128,7,0.9454905847373628,0.9280155642023338,0.9366715758463326,1028
2025-09-05 18:36:54,NN_v2,10,64,0.0001,128,8,0.9129989764585457,0.9158110882956869,0.9144028703224104,974
2025-09-05 18:36:54,NN_v2,10,64,0.0001,128,9,0.9124015748031487,0.9187314172447959,0.9155555555550546,1009
2025-09-05 18:37:09,NN_v2,30,64,0.0001,128,0,0.968937875751502,0.98673469387755,0.9777553083918145,980
2025-09-05 18:37:09,NN_v2,30,64,0.0001,128,1,0.9789658194566162,0.9841409691629948,0.9815465729344728,1135
2025-09-05 18:37:09,NN_v2,30,64,0.0001,128,2,0.9616519174041288,0.9476744186046503,0.9546120058560145,1032
2025-09-05 18:37:09,NN_v2,30,64,0.0001,128,3,0.9437439379243444,0.9633663366336624,0.953454189122478,1010
2025-09-05 18:37:09,NN_v2,30,64,0.0001,128,4,0.9575328614762376,0.9643584521384919,0.9609335362755009,982
2025-09-05 18:37:09,NN_v2,30,64,0.0001,128,5,0.9582863585118365,0.9529147982062769,0.955593029791517,892
2025-09-05 18:37:09,NN_v2,30,64,0.0001,128,6,0.9614984391259095,0.964509394572024,0.963001563313725,958
2025-09-05 18:37:09,NN_v2,30,64,0.0001,128,7,0.9551219512195114,0.9523346303501937,0.9537262542615547,1028
2025-09-05 18:37:09,NN_v2,30,64,0.0001,128,8,0.9488517745302704,0.9332648870636541,0.9409937888193748,974
2025-09-05 18:37:09,NN_v2,30,64,0.0001,128,9,0.9577039274924461,0.9425173439048553,0.950049950049449,1009
2025-09-05 18:37:34,NN_v2,50,64,0.0001,128,0,0.9776876267748469,0.9836734693877541,0.9806714140381562,980
2025-09-05 18:37:34,NN_v2,50,64,0.0001,128,1,0.9824868651488609,0.9885462555066071,0.9855072463763107,1135
2025-09-05 18:37:34,NN_v2,50,64,0.0001,128,2,0.9672447013487467,0.9728682170542627,0.9700483091782431,1032
2025-09-05 18:37:34,NN_v2,50,64,0.0001,128,3,0.9560117302052776,0.9683168316831673,0.9621249385140096,1010
2025-09-05 18:37:34,NN_v2,50,64,0.0001,128,4,0.9685279187817248,0.9714867617107933,0.9700050838835864,982
2025-09-05 18:37:34,NN_v2,50,64,0.0001,128,5,0.97482837528604,0.9551569506726446,0.9648924122305295,892
2025-09-05 18:37:34,NN_v2,50,64,0.0001,128,6,0.9686847599164916,0.9686847599164916,0.9686847599159916,958
2025-09-05 18:37:34,NN_v2,50,64,0.0001,128,7,0.9584942084942076,0.9659533073929952,0.9622093023250804,1028
2025-09-05 18:37:34,NN_v2,50,64,0.0001,128,8,0.9575129533678747,0.9486652977412721,0.9530685920572607,974
2025-09-05 18:37:34,NN_v2,50,64,0.0001,128,9,0.9647532729103716,0.9494549058473727,0.9570429570424561,1009
2025-09-05 18:38:11,NN_v2,75,64,0.0001,128,0,0.9787664307381183,0.9877551020408153,0.9832402234631861,980
2025-09-05 18:38:11,NN_v2,75,64,0.0001,128,1,0.9868536371603849,0.992070484581497,0.9894551845337698,1135
2025-09-05 18:38:11,NN_v2,75,64,0.0001,128,2,0.9670223084384084,0.9660852713178286,0.9665535627721603,1032
2025-09-05 18:38:11,NN_v2,75,64,0.0001,128,3,0.946308724832214,0.9772277227722762,0.9615197272279453,1010
2025-09-05 18:38:11,NN_v2,75,64,0.0001,128,4,0.9694189602446474,0.9684317718940927,0.9689251146199779,982
2025-09-05 18:38:11,NN_v2,75,64,0.0001,128,5,0.9736540664375705,0.9529147982062769,0.9631728045320769,892
2025-09-05 18:38:11,NN_v2,75,64,0.0001,128,6,0.9779179810725541,0.9707724425887255,0.9743321110524062,958
2025-09-05 18:38:11,NN_v2,75,64,0.0001,128,7,0.9716796874999991,0.967898832684824,0.9697855750482319,1028
2025-09-05 18:38:11,NN_v2,75,64,0.0001,128,8,0.9638802889576873,0.9589322381930174,0.961399897065891,974
2025-09-05 18:38:11,NN_v2,75,64,0.0001,128,9,0.9659318637274539,0.9554013875123876,0.9606377678121546,1009
2025-09-05 18:38:37,NN_v2,10,128,0.001,32,0,0.9856996935648611,0.9846938775510193,0.9851965288407444,980
2025-09-05 18:38:37,NN_v2,10,128,0.001,32,1,0.9894459102902367,0.9911894273127745,0.9903169014079498,1135
2025-09-05 18:38:37,NN_v2,10,128,0.001,32,2,0.9814634146341454,0.9748062015503868,0.9781234807967767,1032
2025-09-05 18:38:37,NN_v2,10,128,0.001,32,3,0.9838709677419345,0.9663366336633653,0.975024975024474,1010
2025-09-05 18:38:37,NN_v2,10,128,0.001,32,4,0.9825282631038016,0.9735234215885937,0.9780051150890131,982
2025-09-05 18:38:37,NN_v2,10,128,0.001,32,5,0.9392324093816621,0.9876681614349765,0.962841530054144,892
2025-09-05 18:38:37,NN_v2,10,128,0.001,32,6,0.9759665621734577,0.9749478079331931,0.9754569190595512,958
2025-09-05 18:38:37,NN_v2,10,128,0.001,32,7,0.9803729146221776,0.9717898832684816,0.9760625305319856,1028
2025-09-05 18:38:37,NN_v2,10,128,0.001,32,8,0.9788806758183728,0.9517453798767957,0.9651223321181871,974
2025-09-05 18:38:37,NN_v2,10,128,0.001,32,9,0.9564375605033874,0.979187314172447,0.9676787463266294,1009
2025-09-05 18:39:19,NN_v2,30,128,0.001,32,0,0.9857433808553961,0.9877551020408153,0.9867482161055132,980
2025-09-05 18:39:19,NN_v2,30,128,0.001,32,1,0.9833625218914178,0.9894273127753296,0.9863855950807464,1135
2025-09-05 18:39:19,NN_v2,30,128,0.001,32,2,0.9692603266090289,0.9777131782945728,0.9734684032797692,1032
2025-09-05 18:39:19,NN_v2,30,128,0.001,32,3,0.9620253164556953,0.9782178217821772,0.9700540009813351,1010
2025-09-05 18:39:19,NN_v2,30,128,0.001,32,4,0.9815005138746136,0.9725050916496935,0.9769820971861997,982
2025-09-05 18:39:19,NN_v2,30,128,0.001,32,5,0.9730941704035864,0.9730941704035864,0.9730941704030863,892
2025-09-05 18:39:19,NN_v2,30,128,0.001,32,6,0.9791231732776607,0.9791231732776607,0.9791231732771607,958
2025-09-05 18:39:19,NN_v2,30,128,0.001,32,7,0.9765624999999991,0.972762645914396,0.9746588693952105,1028
2025-09-05 18:39:19,NN_v2,30,128,0.001,32,8,0.9728033472803337,0.9548254620123193,0.9637305699476856,974
2025-09-05 18:39:19,NN_v2,30,128,0.001,32,9,0.9751243781094517,0.9712586719524272,0.9731876861961225,1009
2025-09-05 18:40:00,NN_v2,50,128,0.001,32,0,0.9672293942403168,0.9938775510204071,0.9803724207342751,980
2025-09-05 18:40:00,NN_v2,50,128,0.001,32,1,0.9868305531167683,0.990308370044052,0.988566402813923,1135
2025-09-05 18:40:00,NN_v2,50,128,0.001,32,2,0.9682692307692299,0.9757751937984488,0.9720077220072211,1032
2025-09-05 18:40:00,NN_v2,50,128,0.001,32,3,0.9696376101860911,0.9801980198019792,0.9748892171339155,1010
2025-09-05 18:40:00,NN_v2,50,128,0.001,32,4,0.9726166328600395,0.9765784114052943,0.9745934959344583,982
2025-09-05 18:40:00,NN_v2,50,128,0.001,32,5,0.9731543624161063,0.9753363228699541,0.9742441209401483,892
2025-09-05 18:40:00,NN_v2,50,128,0.001,32,6,0.9903121636167912,0.9603340292275564,0.9750927397981213,958
2025-09-05 18:40:00,NN_v2,50,128,0.001,32,7,0.9766309639727353,0.9756809338521392,0.9761557177610564,1028
2025-09-05 18:40:00,NN_v2,50,128,0.001,32,8,0.9749739311783097,0.9599589322381921,0.9674081738225719,974
2025-09-05 18:40:00,NN_v2,50,128,0.001,32,9,0.9759519038076142,0.9653121902874123,0.9706028898849001,1009
2025-09-05 18:40:49,NN_v2,75,128,0.001,32,0,0.973026973026972,0.9938775510204071,0.9833417465921289,980
2025-09-05 18:40:49,NN_v2,75,128,0.001,32,1,0.9834205933682366,0.9929515418502195,0.9881630863651283,1135
2025-09-05 18:40:49,NN_v2,75,128,0.001,32,2,0.9823008849557512,0.9680232558139527,0.9751098096627494,1032
2025-09-05 18:40:49,NN_v2,75,128,0.001,32,3,0.9686581782566102,0.9792079207920782,0.9739044805509515,1010
2025-09-05 18:40:49,NN_v2,75,128,0.001,32,4,0.9708249496981881,0.9826883910386955,0.9767206477727783,982
2025-09-05 18:40:49,NN_v2,75,128,0.001,32,5,0.9787472035794172,0.9809417040358733,0.9798432250834854,892
2025-09-05 18:40:49,NN_v2,75,128,0.001,32,6,0.9894067796610159,0.9749478079331931,0.982124079915377,958
2025-09-05 18:40:49,NN_v2,75,128,0.001,32,7,0.9794319294809001,0.972762645914396,0.9760858955583083,1028
2025-09-05 18:40:49,NN_v2,75,128,0.001,32,8,0.9611848825331961,0.9661190965092392,0.9636456733225915,974
2025-09-05 18:40:49,NN_v2,75,128,0.001,32,9,0.9816887080366216,0.9563924677898901,0.9688755020075313,1009
2025-09-05 18:41:04,NN_v2,10,128,0.001,64,0,0.9857723577235762,0.9897959183673459,0.9877800407326965,980
2025-09-05 18:41:04,NN_v2,10,128,0.001,64,1,0.9911971830985907,0.992070484581497,0.9916336415670906,1135
2025-09-05 18:41:04,NN_v2,10,128,0.001,64,2,0.9795520934761432,0.9748062015503868,0.9771733851379159,1032
2025-09-05 18:41:04,NN_v2,10,128,0.001,64,3,0.9504289799809335,0.9871287128712861,0.9684312773185861,1010
2025-09-05 18:41:04,NN_v2,10,128,0.001,64,4,0.9641076769690917,0.9847250509164959,0.9743073047853931,982
2025-09-05 18:41:04,NN_v2,10,128,0.001,64,5,0.9817559863169886,0.9652466367712993,0.9734313171278198,892
2025-09-05 18:41:04,NN_v2,10,128,0.001,64,6,0.9832985386221283,0.9832985386221283,0.9832985386216283,958
2025-09-05 18:41:04,NN_v2,10,128,0.001,64,7,0.9721955896452532,0.9863813229571976,0.9792370835340235,1028
2025-09-05 18:41:04,NN_v2,10,128,0.001,64,8,0.988235294117646,0.9486652977412721,0.9680460974327102,974
2025-09-05 18:41:04,NN_v2,10,128,0.001,64,9,0.9827935222672055,0.9623389494549048,0.9724586880315471,1009
2025-09-05 18:41:27,NN_v2,30,128,0.001,64,0,0.9769539078156303,0.9948979591836724,0.9858442871582452,980
2025-09-05 18:41:27,NN_v2,30,128,0.001,64,1,0.9876977152899816,0.990308370044052,0.9890013198411182,1135
2025-09-05 18:41:27,NN_v2,30,128,0.001,64,2,0.9647954329210268,0.9825581395348828,0.973595775323551,1032
2025-09-05 18:41:27,NN_v2,30,128,0.001,64,3,0.9733727810650877,0.9772277227722762,0.975296442687246,1010
2025-09-05 18:41:27,NN_v2,30,128,0.001,64,4,0.9794661190965082,0.9714867617107933,0.9754601226988855,982
2025-09-05 18:41:27,NN_v2,30,128,0.001,64,5,0.9817974971558577,0.967488789237667,0.9745906267640386,892
2025-09-05 18:41:27,NN_v2,30,128,0.001,64,6,0.9903846153846143,0.9676409185803747,0.9788806758178727,958
2025-09-05 18:41:27,NN_v2,30,128,0.001,64,7,0.9834146341463406,0.9805447470817112,0.9819775937647208,1028
2025-09-05 18:41:27,NN_v2,30,128,0.001,64,8,0.9723076923076913,0.973305954825461,0.9728065674699967,974
2025-09-05 18:41:27,NN_v2,30,128,0.001,64,9,0.9693069306930683,0.9702675916749247,0.9697870232783499,1009
2025-09-05 18:41:51,NN_v2,50,128,0.001,64,0,0.9778225806451603,0.9897959183673459,0.9837728194721155,980
2025-09-05 18:41:51,NN_v2,50,128,0.001,64,1,0.9885664028144231,0.990308370044052,0.9894366197178089,1135
2025-09-05 18:41:51,NN_v2,50,128,0.001,64,2,0.9647283126787408,0.9806201550387589,0.9726093224406333,1032
2025-09-05 18:41:51,NN_v2,50,128,0.001,64,3,0.9714566929133849,0.9772277227722762,0.9743336623884428,1010
2025-09-05 18:41:51,NN_v2,50,128,0.001,64,4,0.9697275479313815,0.9786150712830947,0.9741510390263617,982
2025-09-05 18:41:51,NN_v2,50,128,0.001,64,5,0.9839999999999989,0.9652466367712993,0.9745331069604496,892
2025-09-05 18:41:51,NN_v2,50,128,0.001,64,6,0.9861995753715488,0.9697286012526085,0.9778947368416042,958
2025-09-05 18:41:51,NN_v2,50,128,0.001,64,7,0.9757986447241037,0.9805447470817112,0.9781659388641281,1028
2025-09-05 18:41:51,NN_v2,50,128,0.001,64,8,0.9702258726899374,0.9702258726899374,0.9702258726894374,974
2025-09-05 18:41:51,NN_v2,50,128,0.001,64,9,0.9778002018163461,0.9603567888999,0.9689999999994989,1009
2025-09-05 18:42:19,NN_v2,75,128,0.001,64,0,0.9827586206896541,0.9887755102040806,0.9857578840279831,980
2025-09-05 18:42:19,NN_v2,75,128,0.001,64,1,0.9851138353765316,0.9911894273127745,0.9881422924896178,1135
2025-09-05 18:42:19,NN_v2,75,128,0.001,64,2,0.9815175097276256,0.9777131782945728,0.979611650484936,1032
2025-09-05 18:42:19,NN_v2,75,128,0.001,64,3,0.9715964740450529,0.9821782178217812,0.9768586902998436,1010
2025-09-05 18:42:19,NN_v2,75,128,0.001,64,4,0.9817258883248721,0.9847250509164959,0.9832231825109378,982
2025-09-05 18:42:19,NN_v2,75,128,0.001,64,5,0.9807909604519762,0.9730941704035864,0.9769274057395102,892
2025-09-05 18:42:19,NN_v2,75,128,0.001,64,6,0.9873284054910232,0.97599164926931,0.9816272965874255,958
2025-09-05 18:42:19,NN_v2,75,128,0.001,64,7,0.9748305905130679,0.9795719844357968,0.9771955361470003,1028
2025-09-05 18:42:19,NN_v2,75,128,0.001,64,8,0.9646107178968645,0.9794661190965082,0.9719816607228814,974
2025-09-05 18:42:19,NN_v2,75,128,0.001,64,9,0.9867886178861779,0.9623389494549048,0.9744104365273465,1009
2025-09-05 18:42:27,NN_v2,10,128,0.001,128,0,0.9847250509164959,0.98673469387755,0.985728848113668,980
2025-09-05 18:42:27,NN_v2,10,128,0.001,128,1,0.9808195292066252,0.9911894273127745,0.9859772129705772,1135
2025-09-05 18:42:27,NN_v2,10,128,0.001,128,2,0.973862536302032,0.9748062015503868,0.9743341404353345,1032
2025-09-05 18:42:27,NN_v2,10,128,0.001,128,3,0.9818913480885302,0.9663366336633653,0.9740518962070838,1010
2025-09-05 18:42:27,NN_v2,10,128,0.001,128,4,0.9755351681957176,0.9745417515274939,0.9750382068257852,982
2025-09-05 18:42:27,NN_v2,10,128,0.001,128,5,0.9721913236929911,0.9798206278026894,0.9759910664428265,892
2025-09-05 18:42:27,NN_v2,10,128,0.001,128,6,0.9751552795031045,0.9832985386221283,0.9792099792094782,958
2025-09-05 18:42:27,NN_v2,10,128,0.001,128,7,0.9747081712062248,0.9747081712062248,0.9747081712057247,1028
2025-09-05 18:42:27,NN_v2,10,128,0.001,128,8,0.9749478079331931,0.9589322381930174,0.9668737060036396,974
2025-09-05 18:42:27,NN_v2,10,128,0.001,128,9,0.9664031620553349,0.9692765113974222,0.9678377041063768,1009
2025-09-05 18:42:43,NN_v2,30,128,0.001,128,0,0.9798183652875873,0.9908163265306112,0.9852866565190322,980
2025-09-05 18:42:43,NN_v2,30,128,0.001,128,1,0.9911426040744014,0.9859030837004398,0.9885159010595699,1135
2025-09-05 18:42:43,NN_v2,30,128,0.001,128,2,0.9795321637426891,0.9738372093023248,0.9766763848391492,1032
2025-09-05 18:42:43,NN_v2,30,128,0.001,128,3,0.9705882352941166,0.9801980198019792,0.9753694581275778,1010
2025-09-05 18:42:43,NN_v2,30,128,0.001,128,4,0.9756838905775066,0.9806517311608951,0.978161503300667,982
2025-09-05 18:42:43,NN_v2,30,128,0.001,128,5,0.9829931972789104,0.9719730941704025,0.9774520856815732,892
2025-09-05 18:42:43,NN_v2,30,128,0.001,128,6,0.9842271293375384,0.9770354906054269,0.9806181246721023,958
2025-09-05 18:42:43,NN_v2,30,128,0.001,128,7,0.9783889980353625,0.9688715953307384,0.9736070381226661,1028
2025-09-05 18:42:43,NN_v2,30,128,0.001,128,8,0.9566968781470282,0.9753593429158101,0.9659379766136321,974
2025-09-05 18:42:43,NN_v2,30,128,0.001,128,9,0.9750747756729801,0.9692765113974222,0.9721669980114274,1009
2025-09-05 18:43:03,NN_v2,50,128,0.001,128,0,0.9788092835519667,0.9897959183673459,0.9842719431755518,980
2025-09-05 18:43:03,NN_v2,50,128,0.001,128,1,0.9868536371603849,0.992070484581497,0.9894551845337698,1135
2025-09-05 18:43:03,NN_v2,50,128,0.001,128,2,0.9670861568247814,0.9680232558139527,0.9675544794183853,1032
2025-09-05 18:43:03,NN_v2,50,128,0.001,128,3,0.9714566929133849,0.9772277227722762,0.9743336623884428,1010
2025-09-05 18:43:03,NN_v2,50,128,0.001,128,4,0.9737903225806441,0.9837067209775957,0.9787234042548182,982
2025-09-05 18:43:03,NN_v2,50,128,0.001,128,5,0.9840728100113754,0.9697309417040347,0.9768492377183017,892
2025-09-05 18:43:03,NN_v2,50,128,0.001,128,6,0.9852941176470578,0.9791231732776607,0.98219895287908,958
2025-09-05 18:43:03,NN_v2,50,128,0.001,128,7,0.97391304347826,0.9805447470817112,0.9772176442069639,1028
2025-09-05 18:43:03,NN_v2,50,128,0.001,128,8,0.9771784232365135,0.9671457905544137,0.9721362229097157,974
2025-09-05 18:43:03,NN_v2,50,128,0.001,128,9,0.9799398194583742,0.9682854311199197,0.9740777666993993,1009
2025-09-05 18:43:24,NN_v2,75,128,0.001,128,0,0.9778002018163461,0.9887755102040806,0.9832572298320712,980
2025-09-05 18:43:24,NN_v2,75,128,0.001,128,1,0.9877300613496924,0.9929515418502195,0.990333919155914,1135
2025-09-05 18:43:24,NN_v2,75,128,0.001,128,2,0.9765624999999991,0.9689922480620147,0.972762645913896,1032
2025-09-05 18:43:24,NN_v2,75,128,0.001,128,3,0.978021978021977,0.9693069306930683,0.97364495275932,1010
2025-09-05 18:43:24,NN_v2,75,128,0.001,128,4,0.9777327935222662,0.9837067209775957,0.9807106598979762,982
2025-09-05 18:43:24,NN_v2,75,128,0.001,128,5,0.9678492239467839,0.9786995515695056,0.9732441471566895,892
2025-09-05 18:43:24,NN_v2,75,128,0.001,128,6,0.9830866807610983,0.9707724425887255,0.97689075630202,958
2025-09-05 18:43:24,NN_v2,75,128,0.001,128,7,0.9775828460038978,0.9756809338521392,0.9766309639722353,1028
2025-09-05 18:43:24,NN_v2,75,128,0.001,128,8,0.9691358024691348,0.9671457905544137,0.9681397738946685,974
2025-09-05 18:43:24,NN_v2,75,128,0.001,128,9,0.9712586719524272,0.9712586719524272,0.9712586719519272,1009
2025-09-05 18:43:49,NN_v2,10,128,0.0005,32,0,0.9907502569373062,0.9836734693877541,0.9871991807470668,980
2025-09-05 18:43:49,NN_v2,10,128,0.0005,32,1,0.9842657342657335,0.992070484581497,0.9881526985514958,1135
2025-09-05 18:43:49,NN_v2,10,128,0.0005,32,2,0.9720077220077211,0.9757751937984488,0.9738878143128453,1032
2025-09-05 18:43:49,NN_v2,10,128,0.0005,32,3,0.9686888454011732,0.9801980198019792,0.9744094488183966,1010
2025-09-05 18:43:49,NN_v2,10,128,0.0005,32,4,0.9864442127215839,0.9633401221995916,0.9747552807826004,982
2025-09-05 18:43:49,NN_v2,10,128,0.0005,32,5,0.9764044943820214,0.9742152466367702,0.9753086419748075,892
2025-09-05 18:43:49,NN_v2,10,128,0.0005,32,6,0.9741468459152006,0.9832985386221283,0.9787012987007976,958
2025-09-05 18:43:49,NN_v2,10,128,0.0005,32,7,0.9841112214498501,0.9640077821011664,0.9739557739552731,1028
2025-09-05 18:43:49,NN_v2,10,128,0.0005,32,8,0.9782608695652164,0.9702258726899374,0.9742268041232104,974
2025-09-05 18:43:49,NN_v2,10,128,0.0005,32,9,0.9527027027027019,0.9781962338949445,0.9652811735936311,1009
2025-09-05 18:44:32,NN_v2,30,128,0.0005,32,0,0.9807497467071925,0.9877551020408153,0.9842399593284263,980
2025-09-05 18:44:32,NN_v2,30,128,0.0005,32,1,0.9876977152899816,0.990308370044052,0.9890013198411182,1135
2025-09-05 18:44:32,NN_v2,30,128,0.0005,32,2,0.9748062015503868,0.9748062015503868,0.9748062015498867,1032
2025-09-05 18:44:32,NN_v2,30,128,0.0005,32,3,0.9632139399806381,0.9851485148514841,0.9740577581982265,1010
2025-09-05 18:44:32,NN_v2,30,128,0.0005,32,4,0.9806517311608951,0.9806517311608951,0.9806517311603951,982
2025-09-05 18:44:32,NN_v2,30,128,0.0005,32,5,0.9816723940435269,0.960762331838564,0.9711048158635216,892
2025-09-05 18:44:32,NN_v2,30,128,0.0005,32,6,0.968976215098241,0.9780793319415438,0.9735064935059925,958
2025-09-05 18:44:32,NN_v2,30,128,0.0005,32,7,0.9767441860465108,0.9805447470817112,0.9786407766985283,1028
2025-09-05 18:44:32,NN_v2,30,128,0.0005,32,8,0.9711042311661496,0.9661190965092392,0.9686052496134979,974
2025-09-05 18:44:32,NN_v2,30,128,0.0005,32,9,0.9827760891590669,0.9613478691774024,0.9719438877750501,1009
2025-09-05 18:45:13,NN_v2,50,128,0.0005,32,0,0.9788519637462225,0.9918367346938766,0.9853015712108522,980
2025-09-05 18:45:13,NN_v2,50,128,0.0005,32,1,0.9911971830985907,0.992070484581497,0.9916336415670906,1135
2025-09-05 18:45:13,NN_v2,50,128,0.0005,32,2,0.9693192713326934,0.9796511627906969,0.9744578313248003,1032
2025-09-05 18:45:13,NN_v2,50,128,0.0005,32,3,0.9631425800193978,0.9831683168316822,0.9730524252812237,1010
2025-09-05 18:45:13,NN_v2,50,128,0.0005,32,4,0.9835728952772064,0.9755600814663941,0.9795501022489876,982
2025-09-05 18:45:13,NN_v2,50,128,0.0005,32,5,0.9772468714448225,0.9630044843049317,0.9700734048555125,892
2025-09-05 18:45:13,NN_v2,50,128,0.0005,32,6,0.9873417721518977,0.9770354906054269,0.9821615949627728,958
2025-09-05 18:45:13,NN_v2,50,128,0.0005,32,7,0.973862536302032,0.9785992217898825,0.9762251334298726,1028
2025-09-05 18:45:13,NN_v2,50,128,0.0005,32,8,0.9671120246659805,0.9661190965092392,0.9666153055978554,974
2025-09-05 18:45:13,NN_v2,50,128,0.0005,32,9,0.9848484848484839,0.9663032705649148,0.975487743871435,1009
2025-09-05 18:45:48,NN_v2,75,128,0.0005,32,0,0.9787234042553181,0.9857142857142847,0.9822064056934491,980
2025-09-05 18:45:48,NN_v2,75,128,0.0005,32,1,0.9894459102902367,0.9911894273127745,0.9903169014079498,1135
2025-09-05 18:45:48,NN_v2,75,128,0.0005,32,2,0.9747327502429535,0.9718992248062007,0.9733139252784899,1032
2025-09-05 18:45:48,NN_v2,75,128,0.0005,32,3,0.9659201557935727,0.9821782178217812,0.9739813451148648,1010
2025-09-05 18:45:48,NN_v2,75,128,0.0005,32,4,0.9776876267748469,0.9816700610997953,0.9796747967474664,982
2025-09-05 18:45:48,NN_v2,75,128,0.0005,32,5,0.9795918367346927,0.9686098654708509,0.9740698985338845,892
2025-09-05 18:45:48,NN_v2,75,128,0.0005,32,6,0.9831932773109233,0.9770354906054269,0.9801047120413837,958
2025-09-05 18:45:48,NN_v2,75,128,0.0005,32,7,0.975657254138266,0.9747081712062248,0.9751824817513239,1028
2025-09-05 18:45:48,NN_v2,75,128,0.0005,32,8,0.9711340206185557,0.9671457905544137,0.9691358024686348,974
2025-09-05 18:45:48,NN_v2,75,128,0.0005,32,9,0.9750747756729801,0.9692765113974222,0.9721669980114274,1009
2025-09-05 18:46:01,NN_v2,10,128,0.0005,64,0,0.9777777777777767,0.9877551020408153,0.982741116750768,980
2025-09-05 18:46:01,NN_v2,10,128,0.0005,64,1,0.9859649122807009,0.990308370044052,0.9881318681313673,1135
2025-09-05 18:46:01,NN_v2,10,128,0.0005,64,2,0.9701348747591514,0.9757751937984488,0.9729468599028808,1032
2025-09-05 18:46:01,NN_v2,10,128,0.0005,64,3,0.9752720079129564,0.9762376237623752,0.9757545769416067,1010
2025-09-05 18:46:01,NN_v2,10,128,0.0005,64,4,0.9737638748738637,0.9826883910386955,0.97820577800254,982
2025-09-05 18:46:01,NN_v2,10,128,0.0005,64,5,0.9710144927536221,0.9764573991031379,0.9737283398541663,892
2025-09-05 18:46:01,NN_v2,10,128,0.0005,64,6,0.98611111111111,0.9634655532359071,0.9746568109815476,958
2025-09-05 18:46:01,NN_v2,10,128,0.0005,64,7,0.9663784822286254,0.9785992217898825,0.9724504591585131,1028
2025-09-05 18:46:01,NN_v2,10,128,0.0005,64,8,0.9688796680497915,0.9589322381930174,0.9638802889571872,974
2025-09-05 18:46:01,NN_v2,10,128,0.0005,64,9,0.9798387096774184,0.9633300297324073,0.9715142428780597,1009
2025-09-05 18:46:25,NN_v2,30,128,0.0005,64,0,0.984787018255577,0.9908163265306112,0.987792472023914,980
2025-09-05 18:46:25,NN_v2,30,128,0.0005,64,1,0.9885462555066071,0.9885462555066071,0.9885462555061071,1135
2025-09-05 18:46:25,NN_v2,30,128,0.0005,64,2,0.9748305905130679,0.9757751937984488,0.9753026634377558,1032
2025-09-05 18:46:25,NN_v2,30,128,0.0005,64,3,0.9782608695652164,0.9801980198019792,0.9792284866463832,1010
2025-09-05 18:46:25,NN_v2,30,128,0.0005,64,4,0.9776876267748469,0.9816700610997953,0.9796747967474664,982
2025-09-05 18:46:25,NN_v2,30,128,0.0005,64,5,0.9699999999999989,0.9786995515695056,0.9743303571423559,892
2025-09-05 18:46:25,NN_v2,30,128,0.0005,64,6,0.9821240799158769,0.9749478079331931,0.9785227867988703,958
2025-09-05 18:46:25,NN_v2,30,128,0.0005,64,7,0.9862204724409439,0.9747081712062248,0.9804305283752329,1028
2025-09-05 18:46:25,NN_v2,30,128,0.0005,64,8,0.9711934156378591,0.9691991786447628,0.9701952723530447,974
2025-09-05 18:46:25,NN_v2,30,128,0.0005,64,9,0.9752229930624371,0.9752229930624371,0.975222993061937,1009
2025-09-05 18:46:50,NN_v2,50,128,0.0005,64,0,0.9748995983935733,0.9908163265306112,0.9827935222667055,980
2025-09-05 18:46:50,NN_v2,50,128,0.0005,64,1,0.990308370044052,0.990308370044052,0.990308370043552,1135
2025-09-05 18:46:50,NN_v2,50,128,0.0005,64,2,0.9871921182266,0.9709302325581387,0.9789936492422935,1032
2025-09-05 18:46:50,NN_v2,50,128,0.0005,64,3,0.9724680432645024,0.9792079207920782,0.9758263443507569,1010
2025-09-05 18:46:50,NN_v2,50,128,0.0005,64,4,0.9805527123848505,0.9755600814663941,0.9780500255227251,982
2025-09-05 18:46:50,NN_v2,50,128,0.0005,64,5,0.9721913236929911,0.9798206278026894,0.9759910664428265,892
2025-09-05 18:46:50,NN_v2,50,128,0.0005,64,6,0.9800838574423469,0.97599164926931,0.9780334728028462,958
2025-09-05 18:46:50,NN_v2,50,128,0.0005,64,7,0.9851485148514841,0.967898832684824,0.9764474975461134,1028
2025-09-05 18:46:50,NN_v2,50,128,0.0005,64,8,0.9595141700404848,0.973305954825461,0.9663608562686121,974
2025-09-05 18:46:50,NN_v2,50,128,0.0005,64,9,0.9752229930624371,0.9752229930624371,0.975222993061937,1009
2025-09-05 18:47:21,NN_v2,75,128,0.0005,64,0,0.968999999999999,0.9887755102040806,0.9787878787873777,980
2025-09-05 18:47:21,NN_v2,75,128,0.0005,64,1,0.9911816578483237,0.990308370044052,0.990744821506771,1135
2025-09-05 18:47:21,NN_v2,75,128,0.0005,64,2,0.9785156249999991,0.9709302325581387,0.9747081712057248,1032
2025-09-05 18:47:21,NN_v2,75,128,0.0005,64,3,0.9659533073929952,0.9831683168316822,0.9744847890083312,1010
2025-09-05 18:47:21,NN_v2,75,128,0.0005,64,4,0.9768145161290313,0.9867617107942963,0.9817629179326297,982
2025-09-05 18:47:21,NN_v2,75,128,0.0005,64,5,0.9751693002257326,0.9686098654708509,0.9718785151851006,892
2025-09-05 18:47:21,NN_v2,75,128,0.0005,64,6,0.9831756046267077,0.97599164926931,0.9795704557354863,958
2025-09-05 18:47:21,NN_v2,75,128,0.0005,64,7,0.9747081712062248,0.9747081712062248,0.9747081712057247,1028
2025-09-05 18:47:21,NN_v2,75,128,0.0005,64,8,0.9701030927835042,0.9661190965092392,0.9681069958842726,974
2025-09-05 18:47:21,NN_v2,75,128,0.0005,64,9,0.9848024316109413,0.9633300297324073,0.9739478957910822,1009
2025-09-05 18:47:28,NN_v2,10,128,0.0005,128,0,0.9767206477732784,0.9846938775510193,0.980691056910068,980
2025-09-05 18:47:28,NN_v2,10,128,0.0005,128,1,0.9817073170731699,0.9929515418502195,0.9872974156806205,1135
2025-09-05 18:47:28,NN_v2,10,128,0.0005,128,2,0.975657254138266,0.9709302325581387,0.9732880038848805,1032
2025-09-05 18:47:28,NN_v2,10,128,0.0005,128,3,0.9732142857142847,0.9712871287128703,0.9722497522294296,1010
2025-09-05 18:47:28,NN_v2,10,128,0.0005,128,4,0.9755600814663941,0.9755600814663941,0.975560081465894,982
2025-09-05 18:47:28,NN_v2,10,128,0.0005,128,5,0.966740576496673,0.9775784753363217,0.9721293199549058,892
2025-09-05 18:47:28,NN_v2,10,128,0.0005,128,6,0.9789695057833848,0.9718162839248424,0.9753797799890223,958
2025-09-05 18:47:28,NN_v2,10,128,0.0005,128,7,0.9553656220322879,0.9785992217898825,0.9668428640071879,1028
2025-09-05 18:47:28,NN_v2,10,128,0.0005,128,8,0.9719042663891769,0.9589322381930174,0.9653746770020828,974
2025-09-05 18:47:28,NN_v2,10,128,0.0005,128,9,0.9795918367346929,0.9514370664023776,0.9653092006028172,1009
2025-09-05 18:47:47,NN_v2,30,128,0.0005,128,0,0.9857578840284832,0.9887755102040806,0.9872643912374002,980
2025-09-05 18:47:47,NN_v2,30,128,0.0005,128,1,0.9938162544169603,0.9911894273127745,0.9925011027785022,1135
2025-09-05 18:47:47,NN_v2,30,128,0.0005,128,2,0.9710703953712624,0.9757751937984488,0.9734171097143371,1032
2025-09-05 18:47:47,NN_v2,30,128,0.0005,128,3,0.9639024390243894,0.9782178217821772,0.9710073710068701,1010
2025-09-05 18:47:47,NN_v2,30,128,0.0005,128,4,0.9796126401630979,0.9786150712830947,0.9791136016296569,982
2025-09-05 18:47:47,NN_v2,30,128,0.0005,128,5,0.9775784753363217,0.9775784753363217,0.9775784753358217,892
2025-09-05 18:47:47,NN_v2,30,128,0.0005,128,6,0.9780104712041874,0.9749478079331931,0.9764767381071832,958
2025-09-05 18:47:47,NN_v2,30,128,0.0005,128,7,0.9785575048732935,0.9766536964980536,0.9776046738067046,1028
2025-09-05 18:47:47,NN_v2,30,128,0.0005,128,8,0.9801047120418838,0.9609856262833666,0.9704510108859686,974
2025-09-05 18:47:47,NN_v2,30,128,0.0005,128,9,0.9733727810650877,0.9781962338949445,0.9757785467123017,1009
2025-09-05 18:48:05,NN_v2,50,128,0.0005,128,0,0.9748743718592955,0.9897959183673459,0.9822784810121572,980
2025-09-05 18:48:05,NN_v2,50,128,0.0005,128,1,0.9885563380281682,0.9894273127753296,0.9889916336410667,1135
2025-09-05 18:48:05,NN_v2,50,128,0.0005,128,2,0.9711260827718952,0.9777131782945728,0.9744084983094943,1032
2025-09-05 18:48:05,NN_v2,50,128,0.0005,128,3,0.9714566929133849,0.9772277227722762,0.9743336623884428,1010
2025-09-05 18:48:05,NN_v2,50,128,0.0005,128,4,0.9697275479313815,0.9786150712830947,0.9741510390263617,982
2025-09-05 18:48:05,NN_v2,50,128,0.0005,128,5,0.9732739420935401,0.9798206278026894,0.9765363128486609,892
2025-09-05 18:48:05,NN_v2,50,128,0.0005,128,6,0.9769633507853392,0.9739039665970762,0.975431259800858,958
2025-09-05 18:48:05,NN_v2,50,128,0.0005,128,7,0.9802566633761096,0.9659533073929952,0.9730524252812237,1028
2025-09-05 18:48:05,NN_v2,50,128,0.0005,128,8,0.9699481865284963,0.9609856262833666,0.965446106239829,974
2025-09-05 18:48:05,NN_v2,50,128,0.0005,128,9,0.9778225806451603,0.9613478691774024,0.9695152423783097,1009
2025-09-05 18:48:23,NN_v2,75,128,0.0005,128,0,0.9846938775510193,0.9846938775510193,0.9846938775505193,980
2025-09-05 18:48:23,NN_v2,75,128,0.0005,128,1,0.9920212765957439,0.9859030837004398,0.9889527176309618,1135
2025-09-05 18:48:23,NN_v2,75,128,0.0005,128,2,0.9655831739961751,0.9786821705426348,0.9720885466789986,1032
2025-09-05 18:48:23,NN_v2,75,128,0.0005,128,3,0.9696969696969687,0.9821782178217812,0.9758976881450966,1010
2025-09-05 18:48:23,NN_v2,75,128,0.0005,128,4,0.9747474747474737,0.9826883910386955,0.9787018255573083,982
2025-09-05 18:48:23,NN_v2,75,128,0.0005,128,5,0.9840909090909079,0.9708520179372186,0.9774266365683476,892
2025-09-05 18:48:23,NN_v2,75,128,0.0005,128,6,0.9821428571428561,0.97599164926931,0.9790575916225355,958
2025-09-05 18:48:23,NN_v2,75,128,0.0005,128,7,0.9784524975514192,0.9717898832684816,0.9751098096627493,1028
2025-09-05 18:48:23,NN_v2,75,128,0.0005,128,8,0.9653414882772671,0.9722792607802865,0.9687979539636933,974
2025-09-05 18:48:23,NN_v2,75,128,0.0005,128,9,0.977977977977977,0.9682854311199197,0.9731075697206145,1009
2025-09-05 18:48:40,NN_v2,10,128,0.0001,32,0,0.9688755020080312,0.9846938775510193,0.9767206477727783,980
2025-09-05 18:48:40,NN_v2,10,128,0.0001,32,1,0.9782229965156787,0.9894273127753296,0.9837932544892057,1135
2025-09-05 18:48:40,NN_v2,10,128,0.0001,32,2,0.9648093841642219,0.9563953488372084,0.9605839416053384,1032
2025-09-05 18:48:40,NN_v2,10,128,0.0001,32,3,0.9429400386847187,0.9653465346534643,0.9540117416824736,1010
2025-09-05 18:48:40,NN_v2,10,128,0.0001,32,4,0.9661885245901629,0.960285132382891,0.9632277834520016,982
2025-09-05 18:48:40,NN_v2,10,128,0.0001,32,5,0.9764150943396215,0.9282511210762321,0.9517241379305336,892
2025-09-05 18:48:40,NN_v2,10,128,0.0001,32,6,0.9520408163265296,0.9739039665970762,0.9628482972131213,958
2025-09-05 18:48:40,NN_v2,10,128,0.0001,32,7,0.9583333333333325,0.9620622568093377,0.9601941747567807,1028
2025-09-05 18:48:40,NN_v2,10,128,0.0001,32,8,0.9474768280123574,0.944558521560574,0.9460154241640234,974
2025-09-05 18:48:40,NN_v2,10,128,0.0001,32,9,0.9576612903225796,0.9415262636273528,0.9495252373808083,1009
2025-09-05 18:49:28,NN_v2,30,128,0.0001,32,0,0.9797775530839221,0.9887755102040806,0.9842559674956899,980
2025-09-05 18:49:28,NN_v2,30,128,0.0001,32,1,0.9894273127753296,0.9894273127753296,0.9894273127748295,1135
2025-09-05 18:49:28,NN_v2,30,128,0.0001,32,2,0.9692011549566882,0.9757751937984488,0.9724770642196826,1032
2025-09-05 18:49:28,NN_v2,30,128,0.0001,32,3,0.9584541062801923,0.9821782178217812,0.9701711491437532,1010
2025-09-05 18:49:28,NN_v2,30,128,0.0001,32,4,0.9805128205128195,0.9735234215885937,0.977005620847736,982
2025-09-05 18:49:28,NN_v2,30,128,0.0001,32,5,0.986206896551723,0.9618834080717478,0.9738933030641981,892
2025-09-05 18:49:28,NN_v2,30,128,0.0001,32,6,0.9760416666666656,0.9780793319415438,0.9770594369129504,958
2025-09-05 18:49:28,NN_v2,30,128,0.0001,32,7,0.9745845552297155,0.9698443579766528,0.9722086786928194,1028
2025-09-05 18:49:28,NN_v2,30,128,0.0001,32,8,0.9730290456431525,0.9630390143737156,0.9680082559334515,974
2025-09-05 18:49:28,NN_v2,30,128,0.0001,32,9,0.9693069306930683,0.9702675916749247,0.9697870232783499,1009
2025-09-05 18:51:06,NN_v2,50,128,0.0001,32,0,0.9827760891590669,0.9897959183673459,0.9862735129634034,980
2025-09-05 18:51:06,NN_v2,50,128,0.0001,32,1,0.9868189806678376,0.9894273127753296,0.9881214254284476,1135
2025-09-05 18:51:06,NN_v2,50,128,0.0001,32,2,0.9647954329210268,0.9825581395348828,0.973595775323551,1032
2025-09-05 18:51:06,NN_v2,50,128,0.0001,32,3,0.9696078431372539,0.9792079207920782,0.974384236452701,1010
2025-09-05 18:51:06,NN_v2,50,128,0.0001,32,4,0.9757575757575747,0.9837067209775957,0.9797160243402697,982
2025-09-05 18:51:06,NN_v2,50,128,0.0001,32,5,0.9840546697038713,0.9686098654708509,0.976271186440177,892
2025-09-05 18:51:06,NN_v2,50,128,0.0001,32,6,0.9769874476987437,0.9749478079331931,0.9759665621729576,958
2025-09-05 18:51:06,NN_v2,50,128,0.0001,32,7,0.9764705882352931,0.9688715953307384,0.972656249999499,1028
2025-09-05 18:51:06,NN_v2,50,128,0.0001,32,8,0.9730569948186518,0.9640657084188902,0.9685404847854712,974
2025-09-05 18:51:06,NN_v2,50,128,0.0001,32,9,0.9798994974874362,0.9663032705649148,0.9730538922150679,1009
2025-09-05 18:52:32,NN_v2,75,128,0.0001,32,0,0.9797979797979788,0.9897959183673459,0.9847715736035598,980
2025-09-05 18:52:32,NN_v2,75,128,0.0001,32,1,0.9894366197183091,0.990308370044052,0.9898723029497414,1135
2025-09-05 18:52:32,NN_v2,75,128,0.0001,32,2,0.9690522243713725,0.9709302325581387,0.9699903194573888,1032
2025-09-05 18:52:32,NN_v2,75,128,0.0001,32,3,0.9648437499999991,0.9782178217821772,0.9714847590948775,1010
2025-09-05 18:52:32,NN_v2,75,128,0.0001,32,4,0.9756838905775066,0.9806517311608951,0.978161503300667,982
2025-09-05 18:52:32,NN_v2,75,128,0.0001,32,5,0.9851088201603654,0.9641255605381155,0.9745042492912835,892
2025-09-05 18:52:32,NN_v2,75,128,0.0001,32,6,0.9800420168067216,0.9739039665970762,0.9769633507848392,958
2025-09-05 18:52:32,NN_v2,75,128,0.0001,32,7,0.9757045675413014,0.9766536964980536,0.9761789013120902,1028
2025-09-05 18:52:32,NN_v2,75,128,0.0001,32,8,0.9751552795031045,0.9671457905544137,0.9711340206180556,974
2025-09-05 18:52:32,NN_v2,75,128,0.0001,32,9,0.9712586719524272,0.9712586719524272,0.9712586719519272,1009
2025-09-05 18:52:42,NN_v2,10,128,0.0001,64,0,0.967098703888334,0.9897959183673459,0.978315683307618,980
2025-09-05 18:52:42,NN_v2,10,128,0.0001,64,1,0.978165938864628,0.9867841409691622,0.9824561403503763,1135
2025-09-05 18:52:42,NN_v2,10,128,0.0001,64,2,0.9569471624266135,0.9476744186046503,0.952288218110502,1032
2025-09-05 18:52:42,NN_v2,10,128,0.0001,64,3,0.9460255152109902,0.9544554455445535,0.9502217841296123,1010
2025-09-05 18:52:42,NN_v2,10,128,0.0001,64,4,0.9561224489795909,0.9541751527494898,0.9551478083583165,982
2025-09-05 18:52:42,NN_v2,10,128,0.0001,64,5,0.9646924829157164,0.9495515695067254,0.9570621468921542,892
2025-09-05 18:52:42,NN_v2,10,128,0.0001,64,6,0.9565217391304338,0.964509394572024,0.9604989604984596,958
2025-09-05 18:52:42,NN_v2,10,128,0.0001,64,7,0.9560975609756089,0.9533073929961081,0.9547004383823535,1028
2025-09-05 18:52:42,NN_v2,10,128,0.0001,64,8,0.94890510948905,0.9342915811088286,0.9415416451107249,974
2025-09-05 18:52:42,NN_v2,10,128,0.0001,64,9,0.9431704885343959,0.9375619425173429,0.9403578528822029,1009
2025-09-05 18:53:15,NN_v2,30,128,0.0001,64,0,0.9778225806451603,0.9897959183673459,0.9837728194721155,980
2025-09-05 18:53:15,NN_v2,30,128,0.0001,64,1,0.9842105263157886,0.9885462555066071,0.9863736263731255,1135
2025-09-05 18:53:15,NN_v2,30,128,0.0001,64,2,0.9757045675413014,0.9728682170542627,0.9742843279956176,1032
2025-09-05 18:53:15,NN_v2,30,128,0.0001,64,3,0.9592233009708729,0.9782178217821772,0.9686274509798912,1010
2025-09-05 18:53:15,NN_v2,30,128,0.0001,64,4,0.9765066394279868,0.9735234215885937,0.9750127485971531,982
2025-09-05 18:53:15,NN_v2,30,128,0.0001,64,5,0.9783352337514242,0.9618834080717478,0.9700395703782438,892
2025-09-05 18:53:15,NN_v2,30,128,0.0001,64,6,0.9739583333333323,0.97599164926931,0.9749739311778097,958
2025-09-05 18:53:15,NN_v2,30,128,0.0001,64,7,0.960500963391136,0.9698443579766528,0.9651500484022096,1028
2025-09-05 18:53:15,NN_v2,30,128,0.0001,64,8,0.9639917695473241,0.9620123203285411,0.9630010277487282,974
2025-09-05 18:53:15,NN_v2,30,128,0.0001,64,9,0.9745676500508637,0.9494549058473727,0.961847389557732,1009
2025-09-05 18:54:16,NN_v2,50,128,0.0001,64,0,0.9788306451612893,0.9908163265306112,0.9847870182550771,980
2025-09-05 18:54:16,NN_v2,50,128,0.0001,64,1,0.9885764499121258,0.9911894273127745,0.9898812142537886,1135
2025-09-05 18:54:16,NN_v2,50,128,0.0001,64,2,0.9693192713326934,0.9796511627906969,0.9744578313248003,1032
2025-09-05 18:54:16,NN_v2,50,128,0.0001,64,3,0.9695481335952839,0.9772277227722762,0.9733727810645877,1010
2025-09-05 18:54:16,NN_v2,50,128,0.0001,64,4,0.9776195320447599,0.9786150712830947,0.9781170483455549,982
2025-09-05 18:54:16,NN_v2,50,128,0.0001,64,5,0.9829738933030635,0.9708520179372186,0.9768753525093692,892
2025-09-05 18:54:16,NN_v2,50,128,0.0001,64,6,0.9862724392819419,0.9749478079331931,0.9805774278210212,958
2025-09-05 18:54:16,NN_v2,50,128,0.0001,64,7,0.9765395894428143,0.9717898832684816,0.9741589468546916,1028
2025-09-05 18:54:16,NN_v2,50,128,0.0001,64,8,0.9670781893004105,0.9650924024640647,0.9660842754362923,974
2025-09-05 18:54:16,NN_v2,50,128,0.0001,64,9,0.9720837487537378,0.9663032705649148,0.9691848906555627,1009
2025-09-05 18:56:02,NN_v2,75,128,0.0001,64,0,0.9797775530839221,0.9887755102040806,0.9842559674956899,980
2025-09-05 18:56:02,NN_v2,75,128,0.0001,64,1,0.9903169014084499,0.9911894273127745,0.9907529722584159,1135
2025-09-05 18:56:02,NN_v2,75,128,0.0001,64,2,0.975657254138266,0.9709302325581387,0.9732880038848805,1032
2025-09-05 18:56:02,NN_v2,75,128,0.0001,64,3,0.9686274509803912,0.9782178217821772,0.9733990147778242,1010
2025-09-05 18:56:02,NN_v2,75,128,0.0001,64,4,0.9826883910386955,0.9826883910386955,0.9826883910381955,982
2025-09-05 18:56:02,NN_v2,75,128,0.0001,64,5,0.9774266365688477,0.9708520179372186,0.9741282339702524,892
2025-09-05 18:56:02,NN_v2,75,128,0.0001,64,6,0.9781477627471373,0.9812108559498945,0.979676915059426,958
2025-09-05 18:56:02,NN_v2,75,128,0.0001,64,7,0.9710144927536223,0.977626459143968,0.9743092583611083,1028
2025-09-05 18:56:02,NN_v2,75,128,0.0001,64,8,0.975051975051974,0.9630390143737156,0.9690082644623088,974
2025-09-05 18:56:02,NN_v2,75,128,0.0001,64,9,0.9750499001995998,0.9682854311199197,0.9716558925902498,1009
2025-09-08 10:00:20,NN_v2,10,128,0.0001,128,0,0.9621513944223098,0.9857142857142847,0.9737903225801442,980
2025-09-08 10:00:20,NN_v2,10,128,0.0001,128,1,0.9764603312990402,0.9867841409691622,0.9815950920240392,1135
2025-09-08 10:00:20,NN_v2,10,128,0.0001,128,2,0.9433593749999991,0.9360465116279062,0.9396887159528065,1032
2025-09-08 10:00:20,NN_v2,10,128,0.0001,128,3,0.926070038910505,0.9425742574257416,0.9342492639837974,1010
2025-09-08 10:00:20,NN_v2,10,128,0.0001,128,4,0.9327309236947782,0.9460285132382882,0.9393326592512685,982
2025-09-08 10:00:20,NN_v2,10,128,0.0001,128,5,0.9539551357733165,0.905829596412555,0.9292696952266414,892
2025-09-08 10:00:20,NN_v2,10,128,0.0001,128,6,0.9493801652892552,0.9592901878914395,0.9543094496360512,958
2025-09-08 10:00:20,NN_v2,10,128,0.0001,128,7,0.9524281466798801,0.9348249027237345,0.9435444280800097,1028
2025-09-08 10:00:20,NN_v2,10,128,0.0001,128,8,0.9216683621566624,0.9301848049281305,0.9259070005104852,974
2025-09-08 10:00:20,NN_v2,10,128,0.0001,128,9,0.9386317907444658,0.9246778989098108,0.9316025961053404,1009
2025-09-08 10:00:42,NN_v2,30,128,0.0001,128,0,0.9690309690309681,0.9897959183673459,0.9793033821297362,980
2025-09-08 10:00:42,NN_v2,30,128,0.0001,128,1,0.9851138353765316,0.9911894273127745,0.9881422924896178,1135
2025-09-08 10:00:42,NN_v2,30,128,0.0001,128,2,0.9709302325581387,0.9709302325581387,0.9709302325576387,1032
2025-09-08 10:00:42,NN_v2,30,128,0.0001,128,3,0.9499036608863191,0.9762376237623752,0.9628906249994992,1010
2025-09-08 10:00:42,NN_v2,30,128,0.0001,128,4,0.9695431472081208,0.9725050916496935,0.9710218607010751,982
2025-09-08 10:00:42,NN_v2,30,128,0.0001,128,5,0.976958525345621,0.9506726457399092,0.9636363636358627,892
2025-09-08 10:00:42,NN_v2,30,128,0.0001,128,6,0.97689075630252,0.9707724425887255,0.9738219895282947,958
2025-09-08 10:00:42,NN_v2,30,128,0.0001,128,7,0.9706457925635998,0.9649805447470808,0.9678048780482795,1028
2025-09-08 10:00:42,NN_v2,30,128,0.0001,128,8,0.9638429752066106,0.9579055441478429,0.9608650875381188,974
2025-09-08 10:00:42,NN_v2,30,128,0.0001,128,9,0.966733870967741,0.9504459861248752,0.9585207396296839,1009
2025-09-08 10:01:18,NN_v2,50,128,0.0001,128,0,0.9768145161290313,0.9887755102040806,0.9827586206891541,980
2025-09-08 10:01:18,NN_v2,50,128,0.0001,128,1,0.9876977152899816,0.990308370044052,0.9890013198411182,1135
2025-09-08 10:01:18,NN_v2,50,128,0.0001,128,2,0.9747817652764298,0.9738372093023248,0.9743092583611084,1032
2025-09-08 10:01:18,NN_v2,50,128,0.0001,128,3,0.9591836734693869,0.9772277227722762,0.9681216282486409,1010
2025-09-08 10:01:18,NN_v2,50,128,0.0001,128,4,0.9734964322120275,0.9725050916496935,0.9730005094238494,982
2025-09-08 10:01:18,NN_v2,50,128,0.0001,128,5,0.9794754846066123,0.9630044843049317,0.9711701526281026,892
2025-09-08 10:01:18,NN_v2,50,128,0.0001,128,6,0.9810924369747889,0.9749478079331931,0.9780104712036873,958
2025-09-08 10:01:18,NN_v2,50,128,0.0001,128,7,0.9735553379040147,0.9669260700389096,0.9702293801849553,1028
2025-09-08 10:01:18,NN_v2,50,128,0.0001,128,8,0.9671457905544137,0.9671457905544137,0.9671457905539137,974
2025-09-08 10:01:18,NN_v2,50,128,0.0001,128,9,0.9661691542288547,0.9623389494549048,0.9642502482616637,1009
2025-09-08 10:02:11,NN_v2,75,128,0.0001,128,0,0.9817629179331296,0.9887755102040806,0.9852567361459148,980
2025-09-08 10:02:11,NN_v2,75,128,0.0001,128,1,0.9877192982456132,0.992070484581497,0.9898901098896091,1135
2025-09-08 10:02:11,NN_v2,75,128,0.0001,128,2,0.9738878143133454,0.9757751937984488,0.9748305905125679,1032
2025-09-08 10:02:11,NN_v2,75,128,0.0001,128,3,0.9657869012707713,0.9782178217821772,0.971962616821929,1010
2025-09-08 10:02:11,NN_v2,75,128,0.0001,128,4,0.9826175869120645,0.9786150712830947,0.980612244897458,982
2025-09-08 10:02:11,NN_v2,75,128,0.0001,128,5,0.9774266365688477,0.9708520179372186,0.9741282339702524,892
2025-09-08 10:02:11,NN_v2,75,128,0.0001,128,6,0.9780104712041874,0.9749478079331931,0.9764767381071832,958
2025-09-08 10:02:11,NN_v2,75,128,0.0001,128,7,0.9756335282651063,0.9737354085603104,0.9746835443032966,1028
2025-09-08 10:02:11,NN_v2,75,128,0.0001,128,8,0.9690402476780176,0.9640657084188902,0.9665465774570388,974
2025-09-08 10:02:11,NN_v2,75,128,0.0001,128,9,0.9740518962075838,0.9672943508424172,0.9706613625057147,1009
